ঢাকা,ঢাকা,ডেমরা,ডেমরা,১৩৬০
ঢাকা,ঢাকা,ডেমরা,মাতুয়াইল,১৩৬২
ঢাকা,ঢাকা,ডেমরা,সারুলিয়া,১৩৬১
ঢাকা,ঢাকা,ঢাকা সেনানিবাস,ঢাকা সেনানিবাস TSO,১২০৬
ঢাকা,ঢাকা,ধামরাই,ধামরাই,১৩৫০
ঢাকা,ঢাকা,ধামরাই,কমলপুর,১৩৫১
ঢাকা,ঢাকা,ধানমন্ডি,জিগাতলা TSO,১২০৯
ঢাকা,ঢাকা,গুলশান,বনানী TSO,১২১৩
ঢাকা,ঢাকা,গুলশান,গুলশান মডেল টাউন,১২১২
ঢাকা,ঢাকা,যাত্রাবাড়ি,ধনিয়া TSO,১২৩২
ঢাকা,ঢাকা,জয়পাড়া,জয়পাড়া,১৩৩০
ঢাকা,ঢাকা,জয়পাড়া,নারিশা,১৩৩২
ঢাকা,ঢাকা,জয়পাড়া,পালামগঞ্জ,১৩৩১
ঢাকা,ঢাকা,কেরানীগঞ্জ,আটি,১৩১২
ঢাকা,ঢাকা,কেরানীগঞ্জ,ঢাকা পাট কল,১৩১১
ঢাকা,ঢাকা,কেরানীগঞ্জ,কালাটিয়া,১৩১৩
ঢাকা,ঢাকা,কেরানীগঞ্জ,কেরানীগঞ্জ,১৩১০
ঢাকা,ঢাকা,খিলগাঁও,খিলগাঁও TSO,১২১৯
ঢাকা,ঢাকা,খিলক্ষেত,খিলক্ষেত TSO,১২২৯
ঢাকা,ঢাকা,লালবাগ,পোস্তা TSO,১২১১
ঢাকা,ঢাকা,মিরপুর,মিরপুর TSO,১২১৬
ঢাকা,ঢাকা,মোহাম্মদপুর,মোহাম্মদপুর হাউজিং,১২০৭
ঢাকা,ঢাকা,মোহাম্মদপুর,সংসদ ভবন TSO,১২২৫
ঢাকা,ঢাকা,মতিঝিল,বঙ্গভবন TSO,১২২২
ঢাকা,ঢাকা,মতিঝিল,দিলকুশা TSO,১২২৩
ঢাকা,ঢাকা,নবাবগঞ্জ,আগলা,১৩২৩
ঢাকা,ঢাকা,নবাবগঞ্জ,চুরাইন,১৩২৫
ঢাকা,ঢাকা,নবাবগঞ্জ,দাউদপুর,১৩২২
ঢাকা,ঢাকা,নবাবগঞ্জ,হাসনাবাদ,১৩২১
ঢাকা,ঢাকা,নবাবগঞ্জ,খালপাড়,১৩২৪
ঢাকা,ঢাকা,নবাবগঞ্জ,নবাবগঞ্জ,১৩২০
ঢাকা,ঢাকা,নতুন বাজার,নিউমার্কেট TSO,১২০৫
ঢাকা,ঢাকা,পল্টন,ঢাকা জিপিও,১০০০
ঢাকা,ঢাকা,রমনা,শান্তিনগর TSO,১২১৭
ঢাকা,ঢাকা,সবুজবাগ,বাসাবো TSO,১২১৪
ঢাকা,ঢাকা,সাভার,আমিন বাজার,১৩৪৮
ঢাকা,ঢাকা,সাভার,গব্যশালা,১৩৪১
ঢাকা,ঢাকা,সাভার,ইপিজেড,১৩৪৯
ঢাকা,ঢাকা,সাভার,জাহাঙ্গীরনগর বিশ্ববিদ্যালয়,১৩৪২
ঢাকা,ঢাকা,সাভার,কাশেম কটন মিলস,১৩৪৬
ঢাকা,ঢাকা,সাভার,রাজফুললবাড়ীয়া,১৩৪৭
ঢাকা,ঢাকা,সাভার,সাভার,১৩৪০
ঢাকা,ঢাকা,সাভার,সাভার সেনানিবাস,১৩৪৪
ঢাকা,ঢাকা,সাভার,সাভার বিপিএটিসি,১৩৪৩
ঢাকা,ঢাকা,সাভার,শিমুলিয়া,১৩৪৫
ঢাকা,ঢাকা,সুত্রাপুর,ঢাকা সদর HO,১১০০
ঢাকা,ঢাকা,সুত্রাপুর,গেণ্ডারিয়া TSO,১২০৪
ঢাকা,ঢাকা,সুত্রাপুর,ওয়ারী TSO,১২০৩
ঢাকা,ঢাকা,তেজগাঁও,তেজগাঁও TSO,১২১৫
ঢাকা,ঢাকা,তেজগাঁও শিল্প এলাকা,ঢাকা পলিটেকনিক,১২০৮
ঢাকা,ঢাকা,উত্তরা,উত্তরা মডেল টাউন TSO,১২৩০
ঢাকা,ফরিদপুর,আলফাডাঙ্গা,আলফাডাঙ্গা,৭৮৭০
ঢাকা,ফরিদপুর,ভাঙ্গা,ভাঙ্গা,৭৮৩০
ঢাকা,ফরিদপুর,বোয়ালমারী,বোয়ালমারী,৭৮৬০
ঢাকা,ফরিদপুর,বোয়ালমারী,রুপাতপাত,৭৮৬১
ঢাকা,ফরিদপুর,চরভদ্রাসন,চরভদ্রাসন,৭৮১০
ঢাকা,ফরিদপুর,ফরিদপুর সদর,অম্বিকাপুর,৭৮০২
ঢাকা,ফরিদপুর,ফরিদপুর সদর,বাইতুলমান পলিটেকনিক,৭৮০৩
ঢাকা,ফরিদপুর,ফরিদপুর সদর,ফরিদপুর সদর,৭৮০০
ঢাকা,ফরিদপুর,ফরিদপুর সদর,কানাইপুর,৭৮০১
ঢাকা,ফরিদপুর,মদুখালি,কামারখালি,৭৮৫১
ঢাকা,ফরিদপুর,মদুখালি,মদুখালি,৭৮৫০
ঢাকা,ফরিদপুর,নগরকান্দা,নগরকান্দা,৭৮৪০
ঢাকা,ফরিদপুর,নগরকান্দা,ট্যাল্মা,৭৮৪১
ঢাকা,ফরিদপুর,সদরপুর,বিশ্বরোড জাকের মঞ্জিল,৭৮২২
ঢাকা,ফরিদপুর,সদরপুর,হাট ক্রিশাপুর,৭৮২১
ঢাকা,ফরিদপুর,সদরপুর,সদরপুর,৭৮২০
ঢাকা,ফরিদপুর,শৃঙ্গন,শৃঙ্গন,৭৮০৪
ঢাকা,গাজীপুর,গাজীপুর সদর,B.O.F,১৭০৩
ঢাকা,গাজীপুর,গাজীপুর সদর,B.R.R,১৭০১
ঢাকা,গাজীপুর,গাজীপুর সদর,চান্দনা,১৭০২
ঢাকা,গাজীপুর,গাজীপুর সদর,গাজীপুর সদর,১৭০০
ঢাকা,গাজীপুর,গাজীপুর সদর,জাতীয় বিশ্ববিদ্যালয়,১৭০৪
ঢাকা,গাজীপুর,কালিয়াকৈর,কালিয়াকৈর,১৭৫০
ঢাকা,গাজীপুর,কালিয়াকৈর,সফিপুর,১৭৫১
ঢাকা,গাজীপুর,কালীগঞ্জ,কালীগঞ্জ,১৭২০
ঢাকা,গাজীপুর,কালীগঞ্জ,পুবাইল,১৭২১
ঢাকা,গাজীপুর,কালীগঞ্জ,সান্তানপাড়া,১৭২২
ঢাকা,গাজীপুর,কালীগঞ্জ,ভাওয়াল জামালপুর,১৭২৩
ঢাকা,গাজীপুর,কাপাসিয়া,কাপাসিয়া,১৭৩০
ঢাকা,গাজীপুর,মন্নুনগর,এরশাদ নগর,১৭১২
ঢাকা,গাজীপুর,মন্নুনগর,মন্নুনগর,১৭১০
ঢাকা,গাজীপুর,মন্নুনগর,নিশাত নগর,১৭১১
ঢাকা,গাজীপুর,শ্রীপুর,বারমি,১৭৪৩
ঢাকা,গাজীপুর,শ্রীপুর,বাশামুর,১৭৪৭
ঢাকা,গাজীপুর,শ্রীপুর,বউবি,১৭৪৮
ঢাকা,গাজীপুর,শ্রীপুর,কাওরাইড,১৭৪৫
ঢাকা,গাজীপুর,শ্রীপুর,সাতখামার,১৭৪৪
ঢাকা,গাজীপুর,শ্রীপুর,শ্রীপুর,১৭৪০
ঢাকা,গাজীপুর,শ্রীপুর,রাজেন্দ্রপুর,১৭৪১
ঢাকা,গাজীপুর,শ্রীপুর,রাজেন্দ্রপুর সেনানিবাস,১৭৪২
ঢাকা,গোপালগঞ্জ,গোপালগঞ্জ সদর,বারফা,৮১০২
ঢাকা,গোপালগঞ্জ,গোপালগঞ্জ সদর,চন্দ্রাদিঘীনালা,৮০১৩
ঢাকা,গোপালগঞ্জ,গোপালগঞ্জ সদর,গোপালগঞ্জ সদর,৮১০০
ঢাকা,গোপালগঞ্জ,গোপালগঞ্জ সদর,উলপুর,৮১০১
ঢাকা,গোপালগঞ্জ,কাশিয়ানী,জনাপুর,৮১৩৩
ঢাকা,গোপালগঞ্জ,কাশিয়ানী,কাশিয়ানী,৮১৩০
ঢাকা,গোপালগঞ্জ,কাশিয়ানী,রামদিয়া কলেজ,৮১৩১
ঢাকা,গোপালগঞ্জ,কাশিয়ানী,রাতোইল,৮১৩২
ঢাকা,গোপালগঞ্জ,কোটালীপাড়া,কোটালীপাড়া,৮১১০
ঢাকা,গোপালগঞ্জ,মাকসুদপুর,বাতকিয়ামারি,৮১৪১
ঢাকা,গোপালগঞ্জ,মাকসুদপুর,খানদারপাড়া,৮১৪২
ঢাকা,গোপালগঞ্জ,মাকসুদপুর,মাকসুদপুর,৮১৪০
ঢাকা,গোপালগঞ্জ,টুঙ্গিপাড়া,পাটগাটি,৮১২১
ঢাকা,গোপালগঞ্জ,টুঙ্গিপাড়া,টুঙ্গিপাড়া,৮১২০
ঢাকা,জামালপুর,দেওয়ানগঞ্জ,দেওয়ানগঞ্জ,২০৩০
ঢাকা,জামালপুর,দেওয়ানগঞ্জ,দেওয়ানগঞ্জ এস মিলস,২০৩১
ঢাকা,জামালপুর,ইসলামপুর,ডুরমোট,২০২১
ঢাকা,জামালপুর,ইসলামপুর,গিলাবাড়ি,২০২২
ঢাকা,জামালপুর,ইসলামপুর,ইসলামপুর,২০২০
ঢাকা,জামালপুর,জামালপুর,জামালপুর,২০০০
ঢাকা,জামালপুর,জামালপুর,নানদিনা,২০০১
ঢাকা,জামালপুর,জামালপুর,নারুন্দী,২০০২
ঢাকা,জামালপুর,মালান্দাহ,জামালপুর,২০১১
ঢাকা,জামালপুর,মালান্দাহ,মাহমুদপুর,২০১৩
ঢাকা,জামালপুর,মালান্দাহ,মালঞ্চ,২০১২
ঢাকা,জামালপুর,মালান্দাহ,মালান্দাহ,২০১০
ঢাকা,জামালপুর,মাঠারগঞ্জ,বালিঝুড়ি,২০৪১
ঢাকা,জামালপুর,মাঠারগঞ্জ,মাঠারগঞ্জ,২০৪০
ঢাকা,জামালপুর,শরিষাবাড়ি,বাউসী,২০৫২
ঢাকা,জামালপুর,শরিষাবাড়ি,গুনেরবাড়ি,২০৫১
ঢাকা,জামালপুর,শরিষাবাড়ি,জগন্নাথ ঘাট,২০৫৩
ঢাকা,জামালপুর,শরিষাবাড়ি,যমুনা সার কারখানা,২০৫৫
ঢাকা,জামালপুর,শরিষাবাড়ি,পিংনা,২০৫৪
ঢাকা,জামালপুর,শরিষাবাড়ি,শরিষাবাড়ি,২০৫০
ঢাকা,কিশোরগঞ্জ,বাজিতপুর,বাজিতপুর,২৩৩৬
ঢাকা,কিশোরগঞ্জ,বাজিতপুর,লক্ষ্মীপুর,২৩৩৮
ঢাকা,কিশোরগঞ্জ,বাজিতপুর,সরারচর,২৩৩৭
ঢাকা,কিশোরগঞ্জ,ভৈরব,ভৈরব,২৩৫০
ঢাকা,কিশোরগঞ্জ,হোসেনপুর,হোসেনপুর,২৩২০
ঢাকা,কিশোরগঞ্জ,ইটনা,ইটনা,২৩৯০
ঢাকা,কিশোরগঞ্জ,করিমগঞ্জ,করিমগঞ্জ,২৩১০
ঢাকা,কিশোরগঞ্জ,কটিয়াদি,গচিহাটা,২৩৩১
ঢাকা,কিশোরগঞ্জ,কটিয়াদি,কটিয়াদি,২৩৩০
ঢাকা,কিশোরগঞ্জ,কিশোরগঞ্জ সদর,কিশোরগঞ্জ এস.মিলস,২৩০১
ঢাকা,কিশোরগঞ্জ,কিশোরগঞ্জ সদর,কিশোরগঞ্জ সদর,২৩০০
ঢাকা,কিশোরগঞ্জ,কিশোরগঞ্জ সদর,মাইজহাটি,২৩০২
ঢাকা,কিশোরগঞ্জ,কিশোরগঞ্জ সদর,নীলগঞ্জ,২৩০৩
ঢাকা,কিশোরগঞ্জ,কুলিয়ারচর,ছয়সুটি,২৩৪১
ঢাকা,কিশোরগঞ্জ,কুলিয়ারচর,কুলিয়ারচর,২৩৪০
ঢাকা,কিশোরগঞ্জ,মিঠামইন,আব্দুল্লাহপুর,২৩৭১
ঢাকা,কিশোরগঞ্জ,মিঠামইন,মিঠামইন,২৩৭০
ঢাকা,কিশোরগঞ্জ,নিকলী,নিকলী,২৩৬০
ঢাকা,কিশোরগঞ্জ,অস্টগ্রাম,অস্টগ্রাম,২৩৮০
ঢাকা,কিশোরগঞ্জ,পাকুন্দিয়া,পাকুন্দিয়া,২৩২৬
ঢাকা,কিশোরগঞ্জ,তারিয়াল,তারিয়াল,২৩১৬
ঢাকা,মাদারীপুর,বারহামগঞ্জ,বাহাদুরপুর,৭৯৩২
ঢাকা,মাদারীপুর,বারহামগঞ্জ,বারহামগঞ্জ,৭৯৩০
ঢাকা,মাদারীপুর,বারহামগঞ্জ,নিলাকসমিবান্দার,৭৯৩১
ঢাকা,মাদারীপুর,বারহামগঞ্জ,উমেদপুর,৭৯৩৩
ঢাকা,মাদারীপুর,কালকিনি,কালকিনি,৭৯২০
ঢাকা,মাদারীপুর,কালকিনি,সাহাবরামপুর,৭৯২১
ঢাকা,মাদারীপুর,মাদারীপুর সদর,চরমুগরিয়া,৭৯০১
ঢাকা,মাদারীপুর,মাদারীপুর সদর,হবিগঞ্জ,৭৯০৩
ঢাকা,মাদারীপুর,মাদারীপুর সদর,কুলপাদ্দি,৭৯০২
ঢাকা,মাদারীপুর,মাদারীপুর সদর,মাদারীপুর সদর,৭৯০০
ঢাকা,মাদারীপুর,মাদারীপুর সদর,মুস্তফাপুর,৭৯০৪
ঢাকা,মাদারীপুর,রাজৈর,খালিয়া,৭৯১১
ঢাকা,মাদারীপুর,রাজৈর,রাজৈর,৭৯১০
ঢাকা,মানিকগঞ্জ,দৌলতপুর,দৌলতপুর,১৮৬০
ঢাকা,মানিকগঞ্জ,ঘিওর,ঘিওর,১৮৪০
ঢাকা,মানিকগঞ্জ,লেছড়াগঞ্জ,ঝিটকা,১৮৩১
ঢাকা,মানিকগঞ্জ,বারহামগঞ্জ,বারহামগঞ্জ,১৮৩০
ঢাকা,মানিকগঞ্জ,মানিকগঞ্জ সদর,বরংগাইল,১৮০৪
ঢাকা,মানিকগঞ্জ,মানিকগঞ্জ সদর,গড়পাড়া,১৮০২
ঢাকা,মানিকগঞ্জ,মানিকগঞ্জ সদর,মহাদেবপুর,১৮০৩
ঢাকা,মানিকগঞ্জ,মানিকগঞ্জ সদর,মানিকগঞ্জ বাজার,১৮০১
ঢাকা,মানিকগঞ্জ,মানিকগঞ্জ সদর,মানিকগঞ্জ সদর,১৮০০
ঢাকা,মানিকগঞ্জ,সাটুরিয়া,বালিয়াটি,১৮১১
ঢাকা,মানিকগঞ্জ,সাটুরিয়া,সাটুরিয়া,১৮১০
ঢাকা,মানিকগঞ্জ,শিবালয়,আরিচা,১৮৫১
ঢাকা,মানিকগঞ্জ,শিবালয়,শিবালয়,১৮৫০
ঢাকা,মানিকগঞ্জ,শিবালয়,তেওতা,১৮৫২
ঢাকা,মানিকগঞ্জ,শিবালয়,উঠলি,১৮৫৩
ঢাকা,মানিকগঞ্জ,সিংগাইর,বায়রা,১৮২১
ঢাকা,মানিকগঞ্জ,সিংগাইর,জয়মন্তব,১৮২২
ঢাকা,মানিকগঞ্জ,সিংগাইর,সিংগাইর,১৮২০
ঢাকা,মুন্সিগঞ্জ,গজারিয়া,গজারিয়া,১৫১০
ঢাকা,মুন্সিগঞ্জ,গজারিয়া,হোসেন্দি,১৫১১
ঢাকা,মুন্সিগঞ্জ,গজারিয়া,রসুলপুর,১৫১২
ঢাকা,মুন্সিগঞ্জ,লৌহজং,গৌড়গঞ্জ,১৫৩৪
ঢাকা,মুন্সিগঞ্জ,লৌহজং,হলদিয়া তাই,১৫৩২
ঢাকা,মুন্সিগঞ্জ,লৌহজং,হারিদিয়া,১৩৩৩
ঢাকা,মুন্সিগঞ্জ,লৌহজং,হারিদিয়া DESO,১৫৩৩
ঢাকা,মুন্সিগঞ্জ,লৌহজং,করহাতি,১৫৩১
ঢাকা,মুন্সিগঞ্জ,লৌহজং,লৌহজং,১৫৩০
ঢাকা,মুন্সিগঞ্জ,লৌহজং,মেদিনী মণ্ডল,১৩৩৫
ঢাকা,মুন্সিগঞ্জ,লৌহজং,মেদিনী মন্ডল EDSO,১৫৩৫
ঢাকা,মুন্সিগঞ্জ,মুন্সীগঞ্জ সদর,কাঠাখালি,১৫০৩
ঢাকা,মুন্সিগঞ্জ,মুন্সীগঞ্জ সদর,মিরকাদিম,১৫০২
ঢাকা,মুন্সিগঞ্জ,মুন্সীগঞ্জ সদর,মুন্সীগঞ্জ সদর,১৫০০
ঢাকা,মুন্সিগঞ্জ,মুন্সীগঞ্জ সদর,রিকাবিবাজার,১৫০১
ঢাকা,মুন্সিগঞ্জ,সিরাজদিখান,ইছাপুর,১৫৪২
ঢাকা,মুন্সিগঞ্জ,সিরাজদিখান,কোলা,১৫৪১
ঢাকা,মুন্সিগঞ্জ,সিরাজদিখান,মালখানগর,১৫৪৩
ঢাকা,মুন্সিগঞ্জ,সিরাজদিখান,শেখের নগর,১৫৪৪
ঢাকা,মুন্সিগঞ্জ,সিরাজদিখান,সিরাজদিখান,১৫৪০
ঢাকা,মুন্সিগঞ্জ,শ্রীনগর,বাঘড়া,১৫৫৭
ঢাকা,মুন্সিগঞ্জ,শ্রীনগর,বারিখাল,১৫৫১
ঢাকা,মুন্সিগঞ্জ,শ্রীনগর,ভাগ্যকুল,১৫৫৮
ঢাকা,মুন্সিগঞ্জ,শ্রীনগর,হাশারা,১৫৫৩
ঢাকা,মুন্সিগঞ্জ,শ্রীনগর,কলাপাড়া,১৫৫৪
ঢাকা,মুন্সিগঞ্জ,শ্রীনগর,কুমারভগ,১৫৫৫
ঢাকা,মুন্সিগঞ্জ,শ্রীনগর,মাজপাড়া,১৫৫২
ঢাকা,মুন্সিগঞ্জ,শ্রীনগর,শ্রীনগর,১৫৫০
ঢাকা,মুন্সিগঞ্জ,শ্রীনগর,ভাগ্যকুল তাই,১৫৫৬
ঢাকা,মুন্সিগঞ্জ,টাংগিবাড়ি,বিজরাজুগিনি,১৫২৩
ঢাকা,মুন্সিগঞ্জ,টাংগিবাড়ি,বালিগাও,১৫২২
ঢাকা,মুন্সিগঞ্জ,টাংগিবাড়ি,বেটকারহাট,১৫২১
ঢাকা,মুন্সিগঞ্জ,টাংগিবাড়ি,দিঘিরপাড়,১৫২৫
ঢাকা,মুন্সিগঞ্জ,টাংগিবাড়ি,হাসাইল,১৫২৪
ঢাকা,মুন্সিগঞ্জ,টাংগিবাড়ি,পুরা,১৫২৭
ঢাকা,মুন্সিগঞ্জ,টাংগিবাড়ি,পুরা EDSO,১৫২৬
ঢাকা,মুন্সিগঞ্জ,টাংগিবাড়ি,টাংগিবাড়ি,১৫২০
ঢাকা,ময়মনসিংহ,ভালুকা,ভালুকা,২২৪০
ঢাকা,ময়মনসিংহ,ফুলবাড়িয়া,ফুলবাড়িয়া,২২১৬
ঢাকা,ময়মনসিংহ,গফরগাঁও,দুট্টারবাজার,২২৩৪
ঢাকা,ময়মনসিংহ,গফরগাঁও,গফরগাঁও,২২৩০
ঢাকা,ময়মনসিংহ,গফরগাঁও,কান্দিপাড়া,২২৩৩
ঢাকা,ময়মনসিংহ,গফরগাঁও,শিবগঞ্জ,২২৩১
ঢাকা,ময়মনসিংহ,গফরগাঁও,উস্তি,২২৩২
ঢাকা,ময়মনসিংহ,গৌরীপুর,গৌরীপুর,২২৭০
ঢাকা,ময়মনসিংহ,গৌরীপুর,রামগোপালপুর,২২৭১
ঢাকা,ময়মনসিংহ,হালুয়াঘাট,ধারা,২২৬১
ঢাকা,ময়মনসিংহ,হালুয়াঘাট,হালুয়াঘাট,২২৬০
ঢাকা,ময়মনসিংহ,হালুয়াঘাট,মুনশিরহাট,২২৬২
ঢাকা,ময়মনসিংহ,ইশ্বরগঞ্জ,আঠারাবাড়ি,২২৮২
ঢাকা,ময়মনসিংহ,ইশ্বরগঞ্জ,ইশ্বরগঞ্জ,২২৮০
ঢাকা,ময়মনসিংহ,ইশ্বরগঞ্জ,সোহাগি,২২৮১
ঢাকা,ময়মনসিংহ,মুক্তাগাছা,মুক্তাগাছা,২২১০
ঢাকা,ময়মনসিংহ,ময়মনসিংহ সদর,কৃষি বিশ্ববিদ্যালয়,২২০২
ঢাকা,ময়মনসিংহ,ময়মনসিংহ সদর,বিদ্যাগঞ্জ,২২০৪
ঢাকা,ময়মনসিংহ,ময়মনসিংহ সদর,কাওয়াটখালি,২২০১
ঢাকা,ময়মনসিংহ,ময়মনসিংহ সদর,ময়মনসিংহ সদর,২২০০
ঢাকা,ময়মনসিংহ,ময়মনসিংহ সদর,পিয়ারপুর,২২০৫
ঢাকা,ময়মনসিংহ,ময়মনসিংহ সদর,শম্ভুগঞ্জ,২২০৩
ঢাকা,ময়মনসিংহ,নান্দাইল,গানগাইল,২২৯১
ঢাকা,ময়মনসিংহ,নান্দাইল,নান্দাইল,২২৯০
ঢাকা,ময়মনসিংহ,ফুলপুর,বেলতিয়া,২২৫১
ঢাকা,ময়মনসিংহ,ফুলপুর,ফুলপুর,২২৫০
ঢাকা,ময়মনসিংহ,ফুলপুর,তারাকান্দা,২২৫২
ঢাকা,ময়মনসিংহ,ত্রিশাল,আহমাদবাদ,২২২১
ঢাকা,ময়মনসিংহ,ত্রিশাল,ধলা,২২২৩
ঢাকা,ময়মনসিংহ,ত্রিশাল,রাম অমৃতগঞ্জ,২২২২
ঢাকা,ময়মনসিংহ,ত্রিশাল,ত্রিশাল,২২২০
ঢাকা,নারায়ণগঞ্জ,আড়াইহাজার,আড়াইহাজার,১৪৫০
ঢাকা,নারায়ণগঞ্জ,আড়াইহাজার,গোপালদি,১৪৫১
ঢাকা,নারায়ণগঞ্জ,বাইদ্দের বাজার,বাইদ্দের বাজার,১৪৪০
ঢাকা,নারায়ণগঞ্জ,বাইদ্দের বাজার,বারো নগর,১৪৪১
ঢাকা,নারায়ণগঞ্জ,বাইদ্দের বাজার,বারোদি,১৪৪২
ঢাকা,নারায়ণগঞ্জ,বাঁদর,বাঁদর,১৪১০
ঢাকা,নারায়ণগঞ্জ,বাঁদর,বিআইডিএস,১৪১৩
ঢাকা,নারায়ণগঞ্জ,বাঁদর,ডি.সি মিলস,১৪১১
ঢাকা,নারায়ণগঞ্জ,বাঁদর,মদনগঞ্জ,১৪১৪
ঢাকা,নারায়ণগঞ্জ,বাঁদর,নবীগঞ্জ,১৪১২
ঢাকা,নারায়ণগঞ্জ,ফতুল্লা,ফতুল্লা বাজার,১৪২১
ঢাকা,নারায়ণগঞ্জ,ফতুল্লা,ফতুল্লা,১৪২০
ঢাকা,নারায়ণগঞ্জ,নারায়ণগঞ্জ সদর,নারায়ণগঞ্জ সদর,১৪০০
ঢাকা,নারায়ণগঞ্জ,রূপগঞ্জ,ভুলতা,১৪৬২
ঢাকা,নারায়ণগঞ্জ,রূপগঞ্জ,কাঞ্চন,১৪৬১
ঢাকা,নারায়ণগঞ্জ,রূপগঞ্জ,মুরাপাড়া,১৪৬৪
ঢাকা,নারায়ণগঞ্জ,রূপগঞ্জ,নগরি,১৪৬৩
ঢাকা,নারায়ণগঞ্জ,রূপগঞ্জ,রূপগঞ্জ,১৪৬০
ঢাকা,নারায়ণগঞ্জ,সিদ্ধিরগঞ্জ,আদামজীনগর,১৪৩১
ঢাকা,নারায়ণগঞ্জ,সিদ্ধিরগঞ্জ,LN মিলস,১৪৩২
ঢাকা,নারায়ণগঞ্জ,সিদ্ধিরগঞ্জ,সিদ্ধিরগঞ্জ,১৪৩০
ঢাকা,নরসিংদী,বেলাব,বেলাব,১৬৪০
ঢাকা,নরসিংদী,মনোহরদি,হাতিরদিয়া,১৬৫১
ঢাকা,নরসিংদী,মনোহরদি,কাটাবাড়িয়া,১৬৫২
ঢাকা,নরসিংদী,মনোহরদি,মনোহরদি,১৬৫০
ঢাকা,নরসিংদী,নরসিংদী সদর,করিমপুর,১৬০৫
ঢাকা,নরসিংদী,নরসিংদী সদর,মাধবদী,১৬০৪
ঢাকা,নরসিংদী,নরসিংদী সদর,নরসিংদী কলেজ,১৬০২
ঢাকা,নরসিংদী,নরসিংদী সদর,নরসিংদী সদর,১৬০০
ঢাকা,নরসিংদী,নরসিংদী সদর,পাঞ্চদোনা,১৬০৩
ঢাকা,নরসিংদী,নরসিংদী সদর,UMC জুট মিলস,১৬০১
ঢাকা,নরসিংদী,পলাশ,চর সিন্ধুর,১৬১২
ঢাকা,নরসিংদী,পলাশ,ঘোড়াশাল,১৬১৩
ঢাকা,নরসিংদী,পলাশ,ঘোড়াশাল ইউরিয়া ফ্যাক্টো,১৬১১
ঢাকা,নরসিংদী,পলাশ,পলাশ,১৬১০
ঢাকা,নরসিংদী,রায়পুর,বাজার হাসনাবাদ,১৬৩১
ঢাকা,নরসিংদী,রায়পুর,রাধাগঞ্জ বাজার,১৬৩২
ঢাকা,নরসিংদী,রায়পুর,রায়পুর,১৬৩০
ঢাকা,নরসিংদী,শিবপুর,শিবপুর,১৬২০
ঢাকা,নেত্রকোনা,সুসনঞ্জ দুর্গাপুর,সুসনঞ্জ দুর্গাপুর,২৪২০
ঢাকা,নেত্রকোনা,আটপাড়া,আটপাড়া,২৪৭০
ঢাকা,নেত্রকোনা,বারহাট্টা,বারহাট্টা,২৪৪০
ঢাকা,নেত্রকোনা,ধর্মপাশা,ধর্মপাশা,২৪৫০
ঢাকা,নেত্রকোনা,ধবাউরা,ধবাউরা,২৪১৬
ঢাকা,নেত্রকোনা,ধবাউরা,সাকয়াই,২৪১৭
ঢাকা,নেত্রকোনা,কলমাকান্দা,কলমাকান্দা,২৪৩০
ঢাকা,নেত্রকোনা,কেন্দুয়া,কেন্দুয়া,২৪৮০
ঢাকা,নেত্রকোনা,খালিয়াজুরী,খালিয়াজুরী,২৪৬০
ঢাকা,নেত্রকোনা,খালিয়াজুরী,শালদিঘা,২৪৬২
ঢাকা,নেত্রকোনা,মদন,মদন,২৪৯০
ঢাকা,নেত্রকোনা,মধ্যনগর,মধ্যনগর,২৪৫৬
ঢাকা,নেত্রকোনা,মোহনগঞ্জ,মোহনগঞ্জ,২৪৪৬
ঢাকা,নেত্রকোনা,নেত্রকোণা সদর,বাইখেরহাটি,২৪০১
ঢাকা,নেত্রকোনা,নেত্রকোণা সদর,নেত্রকোণা সদর,২৪০০
ঢাকা,নেত্রকোনা,পুর্বধোলা,জারিয়া ঝানঝাইল,২৪১২
ঢাকা,নেত্রকোনা,পুর্বধোলা,পুর্বধোলা,২৪১০
ঢাকা,নেত্রকোনা,পুর্বধোলা,শামগঞ্জ,২৪১১
ঢাকা,রাজবাড়ী,বালিয়াকান্দি,বালিয়াকান্দি,৭৭৩০
ঢাকা,রাজবাড়ী,বালিয়াকান্দি,নালিয়া থেকে,৭৭৩১
ঢাকা,রাজবাড়ী,পাংশা,মৃগিবাজার,৭৭২৩
ঢাকা,রাজবাড়ী,পাংশা,পাংশা,৭৭২০
ঢাকা,রাজবাড়ী,পাংশা,রামকল,৭৭২১
ঢাকা,রাজবাড়ী,পাংশা,রতনদিয়া,৭৭২২
ঢাকা,রাজবাড়ী,রাজবাড়ী সদর,গোয়ালন্দ,৭৭১০
ঢাকা,রাজবাড়ী,রাজবাড়ী সদর,খনখনাপুর,৭৭১১
ঢাকা,রাজবাড়ী,রাজবাড়ী সদর,রাজবাড়ী সদর,৭৭০০
ঢাকা,শরীয়তপুর,ভেদোরগঞ্জ,ভেদোরগঞ্জ,৮০৩০
ঢাকা,শরীয়তপুর,দামুধ্যা,দামুধ্যা,৮০৪০
ঢাকা,শরীয়তপুর,গোসাইরহাট,গোসাইরহাট,৮০৫০
ঢাকা,শরীয়তপুর,জাজিরা,জাজিরা,৮০১০
ঢাকা,শরীয়তপুর,নড়িয়া,ভোজেশ্বর,৮০২১
ঢাকা,শরীয়তপুর,নড়িয়া,ঘারিসার,৮০২২
ঢাকা,শরীয়তপুর,নড়িয়া,কার্তিকপুর,৮০২৪
ঢাকা,শরীয়তপুর,নড়িয়া,নড়িয়া,৮০২০
ঢাকা,শরীয়তপুর,নড়িয়া,উপশি,৮০২৩
ঢাকা,শরীয়তপুর,শরীয়তপুর সদর,আঙ্গারিয়া,৮০০১
ঢাকা,শরীয়তপুর,শরীয়তপুর সদর,চিকান্দি,৮০০২
ঢাকা,শরীয়তপুর,শরীয়তপুর সদর,শরীয়তপুর সদর,৮০০০
ঢাকা,শেরপুর,বাকিশিগঞ্জ,বাকিশিগঞ্জ,২১৪০
ঢাকা,শেরপুর,ঝিনাইগাতীতে পাওয়া যাচ্ছে,ঝিনাইগাতীতে পাওয়া যাচ্ছে,২১২০
ঢাকা,শেরপুর,নকলা,গণপাদ্দি,২১৫১
ঢাকা,শেরপুর,নকলা,নকলা,২১৫০
ঢাকা,শেরপুর,নালিতাবাড়ী,হাতীবান্ধা,২১১১
ঢাকা,শেরপুর,নালিতাবাড়ী,নালিতাবাড়ী,২১১০
ঢাকা,শেরপুর,শেরপুর সদর,শেরপুর সদর,২১০০
ঢাকা,শেরপুর,শ্রীবরদী,শ্রীবরদী,২১৩০
ঢাকা,টাঙ্গাইল,বাসাইল,বাসাইল,১৯২০
ঢাকা,টাঙ্গাইল,ভূঞাপুর,ভূঞাপুর,১৯৬০
ঢাকা,টাঙ্গাইল,দেলদুয়ার,দেলদুয়ার,১৯১০
ঢাকা,টাঙ্গাইল,দেলদুয়ার,ইলাসিন,১৯১৩
ঢাকা,টাঙ্গাইল,দেলদুয়ার,হিংগা নগর,১৯১৪
ঢাকা,টাঙ্গাইল,দেলদুয়ার,জাঙ্গালিয়া,১৯১১
ঢাকা,টাঙ্গাইল,দেলদুয়ার,লউহাটি,১৯১৫
ঢাকা,টাঙ্গাইল,দেলদুয়ার,পাঠারাইল,১৯১২
ঢাকা,টাঙ্গাইল,ঘাটাইল,ডি পাকুটিয়া,১৯৮২
ঢাকা,টাঙ্গাইল,ঘাটাইল,ধলাপাড়া,১৯৮৩
ঢাকা,টাঙ্গাইল,ঘাটাইল,ঘাটাইল,১৯৮০
ঢাকা,টাঙ্গাইল,ঘাটাইল,লোহানী,১৯৮৪
ঢাকা,টাঙ্গাইল,ঘাটাইল,জাহিদগঞ্জ,১৯৮১
ঢাকা,টাঙ্গাইল,গোপালপুর,গোপালপুর,১৯৯০
ঢাকা,টাঙ্গাইল,গোপালপুর,হেমনগর,১৯৯২
ঢাকা,টাঙ্গাইল,গোপালপুর,ঝোওয়াইল,১৯৯১
ঢাকা,টাঙ্গাইল,গোপালপুর,চাতুতিয়া,১৯৯১
ঢাকা,টাঙ্গাইল,কালিহাতী,বাল্লাবাজার,১৯৭৩
ঢাকা,টাঙ্গাইল,কালিহাতী,ইলিংগা,১৯৭৪
ঢাকা,টাঙ্গাইল,কালিহাতী,কালিহাতী,১৯৭০
ঢাকা,টাঙ্গাইল,কালিহাতী,নগরবাড়ী,১৯৭৭
ঢাকা,টাঙ্গাইল,কালিহাতী,নগরবাড়ী তাই,১৯৭৬
ঢাকা,টাঙ্গাইল,কালিহাতী,নাগবাড়ি,১৯৭২
ঢাকা,টাঙ্গাইল,কালিহাতী,পালিশা,১৯৭৫
ঢাকা,টাঙ্গাইল,কালিহাতী,রাজাফাইর,১৯৭১
ঢাকা,টাঙ্গাইল,কাশকাওলিয়া,কাশকাওলিয়া,১৯৩০
ঢাকা,টাঙ্গাইল,মধুপুর,ধবাড়ি,১৯৯৭
ঢাকা,টাঙ্গাইল,মধুপুর,মধুপুর,১৯৯৬
ঢাকা,টাঙ্গাইল,মির্জাপুর,গড়াই,১৯৪১
ঢাকা,টাঙ্গাইল,মির্জাপুর,জারমুকি,১৯৪৪
ঢাকা,টাঙ্গাইল,মির্জাপুর,এম.সি. কলেজ,১৯৪২
ঢাকা,টাঙ্গাইল,মির্জাপুর,মির্জাপুর,১৯৪০
ঢাকা,টাঙ্গাইল,মির্জাপুর,মহেরা,১৯৪৫
ঢাকা,টাঙ্গাইল,মির্জাপুর,ওয়ারী পাইকপাড়া,১৯৪৩
ঢাকা,টাঙ্গাইল,নাগরপুর,ধুবুরিয়া,১৯৩৭
ঢাকা,টাঙ্গাইল,নাগরপুর,নাগরপুর,১৯৩৬
ঢাকা,টাঙ্গাইল,নাগরপুর,সলিমাবাদ,১৯৩৮
ঢাকা,টাঙ্গাইল,সখীপুর,কচুয়া,১৯৫১
ঢাকা,টাঙ্গাইল,সখীপুর,সখীপুর,১৯৫০
ঢাকা,টাঙ্গাইল,টাঙ্গাইল সদর,কাগমারি,১৯০১
ঢাকা,টাঙ্গাইল,টাঙ্গাইল সদর,করোতিয়া,১৯০৩
ঢাকা,টাঙ্গাইল,টাঙ্গাইল সদর,পুড়াবাড়ি,১৯০৪
ঢাকা,টাঙ্গাইল,টাঙ্গাইল সদর,সন্তোষ,১৯০২
ঢাকা,টাঙ্গাইল,টাঙ্গাইল সদর,টাঙ্গাইল সদর,১৯০০
চট্টগ্রাম,বান্দরবান,আলিকদম,আলিকদম,৪৬৫০
চট্টগ্রাম,বান্দরবান,বান্দরবান সদর,বান্দরবান সদর,৪৬০০
চট্টগ্রাম,বান্দরবান,নাইখং,নাইখং,৪৬৬০
চট্টগ্রাম,বান্দরবান,রংছড়ি,রংছড়ি,৪৬১০
চট্টগ্রাম,বান্দরবান,রুমা,রুমা,৪৬২০
চট্টগ্রাম,বান্দরবান,থানচি,লামা,৪৬৪১
চট্টগ্রাম,বান্দরবান,থানচি,থানচি,৪৬৩০
চট্টগ্রাম,ব্রাহ্মণবাড়িয়া,আখাউড়া,আখাউড়া,৩৪৫০
চট্টগ্রাম,ব্রাহ্মণবাড়িয়া,আখাউড়া,আজমপুর,৩৪৫১
চট্টগ্রাম,ব্রাহ্মণবাড়িয়া,আখাউড়া,গঙ্গাসাগর,৩৪৫২
চট্টগ্রাম,ব্রাহ্মণবাড়িয়া,বাঞ্ছারামপুর,বাঞ্ছারামপুর,৩৪২০
চট্টগ্রাম,ব্রাহ্মণবাড়িয়া,ব্রাহ্মণবাড়িয়া সদর,আশুগঞ্জ,৩৪০২
চট্টগ্রাম,ব্রাহ্মণবাড়িয়া,ব্রাহ্মণবাড়িয়া সদর,আশুগঞ্জ সেয়ার,৩৪০৩
চট্টগ্রাম,ব্রাহ্মণবাড়িয়া,ব্রাহ্মণবাড়িয়া সদর,ব্রাহ্মণবাড়িয়া সদর,৩৪০০
চট্টগ্রাম,ব্রাহ্মণবাড়িয়া,ব্রাহ্মণবাড়িয়া সদর,Poun,৩৪০৪
চট্টগ্রাম,ব্রাহ্মণবাড়িয়া,ব্রাহ্মণবাড়িয়া সদর,Talshahar,৩৪০১
চট্টগ্রাম,ব্রাহ্মণবাড়িয়া,কসবা,Chandidar,৩৪৬২
চট্টগ্রাম,ব্রাহ্মণবাড়িয়া,কসবা,Chargachh,৩৪৬৩
চট্টগ্রাম,ব্রাহ্মণবাড়িয়া,কসবা,গোপীনাথপুর,৩৪৬৪
চট্টগ্রাম,ব্রাহ্মণবাড়িয়া,কসবা,কসবা,৩৪৬০
চট্টগ্রাম,ব্রাহ্মণবাড়িয়া,কসবা,কুটি,৩৪৬১
চট্টগ্রাম,ব্রাহ্মণবাড়িয়া,নবীনগর,Jibanganj,৩৪১৯
চট্টগ্রাম,ব্রাহ্মণবাড়িয়া,নবীনগর,Kaitala,৩৪১৭
চট্টগ্রাম,ব্রাহ্মণবাড়িয়া,নবীনগর,Laubfatehpur,৩৪১১
চট্টগ্রাম,ব্রাহ্মণবাড়িয়া,নবীনগর,নবীনগর,৩৪১০
চট্টগ্রাম,ব্রাহ্মণবাড়িয়া,নবীনগর,Rasullabad,৩৪১২
চট্টগ্রাম,ব্রাহ্মণবাড়িয়া,নবীনগর,রতনপুর,৩৪১৪
চট্টগ্রাম,ব্রাহ্মণবাড়িয়া,নবীনগর,Salimganj,৩৪১৮
চট্টগ্রাম,ব্রাহ্মণবাড়িয়া,নবীনগর,শাহ্পুর,৩৪১৫
চট্টগ্রাম,ব্রাহ্মণবাড়িয়া,নবীনগর,Shamgram,৩৪১৩
চট্টগ্রাম,ব্রাহ্মণবাড়িয়া,নাসিরনগর,Fandauk,৩৪৪১
চট্টগ্রাম,ব্রাহ্মণবাড়িয়া,নাসিরনগর,নাসিরনগর,৩৪৪০
চট্টগ্রাম,ব্রাহ্মণবাড়িয়া,সরাইল,Chandura,৩৪৩২
চট্টগ্রাম,ব্রাহ্মণবাড়িয়া,সরাইল,Sarial,৩৪৩০
চট্টগ্রাম,ব্রাহ্মণবাড়িয়া,সরাইল,শাহবাজপুর,৩৪৩১
চট্টগ্রাম,চাঁদপুর,চাঁদপুর সদর,বাবুরহাট,৩৬০২
চট্টগ্রাম,চাঁদপুর,চাঁদপুর সদর,চাঁদপুর সদর,৩৬০০
চট্টগ্রাম,চাঁদপুর,চাঁদপুর সদর,পুরানবাজারের,৩৬০১
চট্টগ্রাম,চাঁদপুর,চাঁদপুর সদর,Sahatali,৩৬০৩
চট্টগ্রাম,চাঁদপুর,ফরিদগঞ্জ,চন্দ্র,৩৬৫১
চট্টগ্রাম,চাঁদপুর,ফরিদগঞ্জ,ফরিদগঞ্জ,৩৬৫০
চট্টগ্রাম,চাঁদপুর,ফরিদগঞ্জ,Gridkaliandia,৩৬৫৩
চট্টগ্রাম,চাঁদপুর,ফরিদগঞ্জ,ইসলামপুর শাহ Isain,৩৬৫৫
চট্টগ্রাম,চাঁদপুর,ফরিদগঞ্জ,Rampurbazar,৩৬৫৪
চট্টগ্রাম,চাঁদপুর,ফরিদগঞ্জ,রূপসা,৩৬৫২
চট্টগ্রাম,চাঁদপুর,হাজীগঞ্জ,Bolakhal,৩৬১১
চট্টগ্রাম,চাঁদপুর,হাজীগঞ্জ,হাজীগঞ্জ,৩৬১০
চট্টগ্রাম,চাঁদপুর,হাইমচর,Gandamara,৩৬৬১
চট্টগ্রাম,চাঁদপুর,হাইমচর,হাইমচর,৩৬৬০
চট্টগ্রাম,চাঁদপুর,কচুয়া,কচুয়া,৩৬৩০
চট্টগ্রাম,চাঁদপুর,কচুয়া,পাক শ্রীরামপুর,৩৬৩১
চট্টগ্রাম,চাঁদপুর,কচুয়া,রহিমা নগর,৩৬৩২
চট্টগ্রাম,চাঁদপুর,কচুয়া,Shachar,৩৬৩৩
চট্টগ্রাম,চাঁদপুর,মতলবগঞ্জ,Kalipur,৩৬৪২
চট্টগ্রাম,চাঁদপুর,মতলবগঞ্জ,মতলবগঞ্জ,৩৬৪০
চট্টগ্রাম,চাঁদপুর,মতলবগঞ্জ,মোহনপুর,৩৬৪১
চট্টগ্রাম,চাঁদপুর,শাহরাস্তি,Chotoshi,৩৬২৩
চট্টগ্রাম,চাঁদপুর,শাহরাস্তি,ইসলামিয়া মাদ্রাসা,৩৬২৪
চট্টগ্রাম,চাঁদপুর,শাহরাস্তি,Khilabazar,৩৬২১
চট্টগ্রাম,চাঁদপুর,শাহরাস্তি,পশ্চিম Kherihar আল,৩৬২২
চট্টগ্রাম,চাঁদপুর,শাহরাস্তি,শাহরাস্তি,৩৬২০
চট্টগ্রাম,চট্টগ্রাম,আনোয়ারা,আনোয়ারা,৪৩৭৬
চট্টগ্রাম,চট্টগ্রাম,আনোয়ারা,Battali,৪৩৭৮
চট্টগ্রাম,চট্টগ্রাম,আনোয়ারা,Paroikora,৪৩৭৭
চট্টগ্রাম,চট্টগ্রাম,বোয়ালখালী,বোয়ালখালী,৪৩৬৬
চট্টগ্রাম,চট্টগ্রাম,বোয়ালখালী,Charandwip,৪৩৬৯
চট্টগ্রাম,চট্টগ্রাম,বোয়ালখালী,ইকবাল পার্কে,৪৩৬৫
চট্টগ্রাম,চট্টগ্রাম,বোয়ালখালী,Kadurkhal,৪৩৬৮
চট্টগ্রাম,চট্টগ্রাম,বোয়ালখালী,কানুনগোপাড়া,৪৩৬৩
চট্টগ্রাম,চট্টগ্রাম,বোয়ালখালী,Sakpura,৪৩৬৭
চট্টগ্রাম,চট্টগ্রাম,বোয়ালখালী,Saroatoli,৪৩৬৪
চট্টগ্রাম,চট্টগ্রাম,চট্টগ্রাম সদর,আল আমিন Baria Madra,৪২২১
চট্টগ্রাম,চট্টগ্রাম,চট্টগ্রাম সদর,আমিন জুট মিলস,৪২১১
চট্টগ্রাম,চট্টগ্রাম,চট্টগ্রাম সদর,আনন্দবাজার,৪২১৫
চট্টগ্রাম,চট্টগ্রাম,চট্টগ্রাম সদর,বায়েজিদ বোস্তামী,৪২১০
চট্টগ্রাম,চট্টগ্রাম,চট্টগ্রাম সদর,চাঁদগাও,৪২১২
চট্টগ্রাম,চট্টগ্রাম,চট্টগ্রাম সদর,চকবাজার,৪২০৩
চট্টগ্রাম,চট্টগ্রাম,চট্টগ্রাম সদর,Chitt. সেনানিবাস,৪২২০
চট্টগ্রাম,চট্টগ্রাম,চট্টগ্রাম সদর,Chitt. কাস্টমস Acca,৪২১৯
চট্টগ্রাম,চট্টগ্রাম,চট্টগ্রাম সদর,Chitt. Politechnic ইন,৪২০৯
চট্টগ্রাম,চট্টগ্রাম,চট্টগ্রাম সদর,Chitt. Sailers কোলন,৪২১৮
চট্টগ্রাম,চট্টগ্রাম,চট্টগ্রাম সদর,চট্টগ্রাম বিমানবন্দর,৪২০৫
চট্টগ্রাম,চট্টগ্রাম,চট্টগ্রাম সদর,চট্টগ্রাম বন্দর,৪১০০
চট্টগ্রাম,চট্টগ্রাম,চট্টগ্রাম সদর,চট্টগ্রাম জিপিও,৪০০০
চট্টগ্রাম,চট্টগ্রাম,চট্টগ্রাম সদর,রপ্তানি প্রক্রিয়াকরণ,৪২২৩
চট্টগ্রাম,চট্টগ্রাম,চট্টগ্রাম সদর,Firozshah,৪২০৭
চট্টগ্রাম,চট্টগ্রাম,চট্টগ্রাম সদর,হালিশহর,৪২১৬
চট্টগ্রাম,চট্টগ্রাম,চট্টগ্রাম সদর,Halishshar,৪২২৫
চট্টগ্রাম,চট্টগ্রাম,চট্টগ্রাম সদর,জালালাবাদ,৪২১৪
চট্টগ্রাম,চট্টগ্রাম,চট্টগ্রাম সদর,জলদিa Merine Accade,৪২০৬
চট্টগ্রাম,চট্টগ্রাম,চট্টগ্রাম সদর,মধ্য পতেঙ্গা,৪২২২
চট্টগ্রাম,চট্টগ্রাম,চট্টগ্রাম সদর,Mohard,৪২০৮
চট্টগ্রাম,চট্টগ্রাম,চট্টগ্রাম সদর,উত্তর হালিশহর,৪২২৬
চট্টগ্রাম,চট্টগ্রাম,চট্টগ্রাম সদর,উত্তর Katuli,৪২১৭
চট্টগ্রাম,চট্টগ্রাম,চট্টগ্রাম সদর,পাহাড়তলী,৪২০২
চট্টগ্রাম,চট্টগ্রাম,চট্টগ্রাম সদর,পতেঙ্গা,৪২০৪
চট্টগ্রাম,চট্টগ্রাম,চট্টগ্রাম সদর,রামপুরা TSO,৪২২৪
চট্টগ্রাম,চট্টগ্রাম,চট্টগ্রাম সদর,Wazedia,৪২১৩
চট্টগ্রাম,চট্টগ্রাম,পূর্ব জোয়ারা,বর্মা,৪৩৮৩
চট্টগ্রাম,চট্টগ্রাম,পূর্ব জোয়ারা,দোহাজারী,৪৩৮২
চট্টগ্রাম,চট্টগ্রাম,পূর্ব জোয়ারা,পূর্ব জোয়ারা,৪৩৮০
চট্টগ্রাম,চট্টগ্রাম,পূর্ব জোয়ারা,Gachbaria,৪৩৮১
চট্টগ্রাম,চট্টগ্রাম,ফটিকছড়ি,ভাণ্ডার শরীফ,৪৩৫২
চট্টগ্রাম,চট্টগ্রাম,ফটিকছড়ি,ফটিকছড়ি,৪৩৫০
চট্টগ্রাম,চট্টগ্রাম,ফটিকছড়ি,Harualchhari,৪৩৫৪
চট্টগ্রাম,চট্টগ্রাম,ফটিকছড়ি,Najirhat,৪৩৫৩
চট্টগ্রাম,চট্টগ্রাম,ফটিকছড়ি,Nanupur,৪৩৫১
চট্টগ্রাম,চট্টগ্রাম,ফটিকছড়ি,Narayanhat,৪৩৫৫
চট্টগ্রাম,চট্টগ্রাম,হাটহাজারী,Chitt.University,৪৩৩১
চট্টগ্রাম,চট্টগ্রাম,হাটহাজারী,Fatahabad,৪৩৩৫
চট্টগ্রাম,চট্টগ্রাম,হাটহাজারী,Gorduara,৪৩৩২
চট্টগ্রাম,চট্টগ্রাম,হাটহাজারী,হাটহাজারী,৪৩৩০
চট্টগ্রাম,চট্টগ্রাম,হাটহাজারী,Katirhat,৪৩৩৩
চট্টগ্রাম,চট্টগ্রাম,হাটহাজারী,মাদ্রাসা,৪৩৩৯
চট্টগ্রাম,চট্টগ্রাম,হাটহাজারী,মির্জাপুর,৪৩৩৪
চট্টগ্রাম,চট্টগ্রাম,হাটহাজারী,Nuralibari,৪৩৩৭
চট্টগ্রাম,চট্টগ্রাম,হাটহাজারী,ইউনূস নগর,৪৩৩৮
চট্টগ্রাম,চট্টগ্রাম,জলদি,Banigram,৪৩৯৩
চট্টগ্রাম,চট্টগ্রাম,জলদি,Gunagari,৪৩৯২
চট্টগ্রাম,চট্টগ্রাম,জলদি,জলদি,৪৩৯০
চট্টগ্রাম,চট্টগ্রাম,জলদি,খান বাহাদুর,৪৩৯১
চট্টগ্রাম,চট্টগ্রাম,লোহাগাড়া,Chunti,৪৩৯৮
চট্টগ্রাম,চট্টগ্রাম,লোহাগাড়া,লোহাগাড়া,৪৩৯৬
চট্টগ্রাম,চট্টগ্রাম,লোহাগাড়া,পদুয়া,৪৩৯৭
চট্টগ্রাম,চট্টগ্রাম,মীরসরাই,Abutorab,৪৩২১
চট্টগ্রাম,চট্টগ্রাম,মীরসরাই,Azampur,৪৩২৫
চট্টগ্রাম,চট্টগ্রাম,মীরসরাই,Bharawazhat,৪৩২৩
চট্টগ্রাম,চট্টগ্রাম,মীরসরাই,Darrogahat,৪৩২২
চট্টগ্রাম,চট্টগ্রাম,মীরসরাই,Joarganj,৪৩২৪
চট্টগ্রাম,চট্টগ্রাম,মীরসরাই,Korerhat,৪৩২৭
চট্টগ্রাম,চট্টগ্রাম,মীরসরাই,মীরসরাই,৪৩২০
চট্টগ্রাম,চট্টগ্রাম,মীরসরাই,Mohazanhat,৪৩২৮
চট্টগ্রাম,চট্টগ্রাম,পটিয়া,Budhpara,৪৩৭১
চট্টগ্রাম,চট্টগ্রাম,পটিয়া,পটিয়া প্রধান কার্যালয়,৪৩৭০
চট্টগ্রাম,চট্টগ্রাম,রাঙ্গুনিয়া,Dhamair,৪৩৬১
চট্টগ্রাম,চট্টগ্রাম,রাঙ্গুনিয়া,রাঙ্গুনিয়া,৪৩৬০
চট্টগ্রাম,চট্টগ্রাম,রাউজান,B.I.T পোস্ট অফিস,৪৩৪৯
চট্টগ্রাম,চট্টগ্রাম,রাউজান,Beenajuri,৪৩৪১
চট্টগ্রাম,চট্টগ্রাম,রাউজান,Dewanpur,৪৩৪৭
চট্টগ্রাম,চট্টগ্রাম,রাউজান,Fatepur,৪৩৪৫
চট্টগ্রাম,চট্টগ্রাম,রাউজান,Gahira,৪৩৪৩
চট্টগ্রাম,চট্টগ্রাম,রাউজান,Guzra নোয়াপাড়া,৪৩৪৬
চট্টগ্রাম,চট্টগ্রাম,রাউজান,জগন্নাথ হাট,৪৩৪৪
চট্টগ্রাম,চট্টগ্রাম,রাউজান,কুন্ডেশ্বরী,৪৩৪২
চট্টগ্রাম,চট্টগ্রাম,রাউজান,Mohamuni,৪৩৪৮
চট্টগ্রাম,চট্টগ্রাম,রাউজান,রাউজান,৪৩৪০
চট্টগ্রাম,চট্টগ্রাম,সন্দ্বীপ,সন্দ্বীপ,৪৩০০
চট্টগ্রাম,চট্টগ্রাম,সন্দ্বীপ,Shiberhat,৪৩০১
চট্টগ্রাম,চট্টগ্রাম,সন্দ্বীপ,সন্দ্বীপ,৪৩০২
চট্টগ্রাম,চট্টগ্রাম,সাতকানিয়া,বায়তুল Ijjat,৪৩৮৭
চট্টগ্রাম,চট্টগ্রাম,সাতকানিয়া,বাজালিয়া,৪৩৮৮
চট্টগ্রাম,চট্টগ্রাম,সাতকানিয়া,সাতকানিয়া,৪৩৮৬
চট্টগ্রাম,চট্টগ্রাম,সীতাকুন্ড,Barabkunda,৪৩১২
চট্টগ্রাম,চট্টগ্রাম,সীতাকুন্ড,Baroidhala,৪৩১১
চট্টগ্রাম,চট্টগ্রাম,সীতাকুন্ড,Bawashbaria,৪৩১৩
চট্টগ্রাম,চট্টগ্রাম,সীতাকুন্ড,ভাটিয়ারী,৪৩১৫
চট্টগ্রাম,চট্টগ্রাম,সীতাকুন্ড,ফৌজদারহাট,৪৩১৬
চট্টগ্রাম,চট্টগ্রাম,সীতাকুন্ড,জাফরাবাদ,৪৩১৭
চট্টগ্রাম,চট্টগ্রাম,সীতাকুন্ড,কুমিরা,৪৩১৪
চট্টগ্রাম,চট্টগ্রাম,সীতাকুন্ড,সীতাকুন্ড,৪৩১০
চট্টগ্রাম,কুমিল্লা,বরুড়া,বরুড়া,৩৫৬০
চট্টগ্রাম,কুমিল্লা,বরুড়া,Murdafarganj,৩৫৬২
চট্টগ্রাম,কুমিল্লা,বরুড়া,Poyalgachha,৩৫৬১
চট্টগ্রাম,কুমিল্লা,ব্রাহ্মণপাড়া,ব্রাহ্মণপাড়া,৩৫২৬
চট্টগ্রাম,কুমিল্লা,বুড়িচং,বুড়িচং,৩৫২০
চট্টগ্রাম,কুমিল্লা,বুড়িচং,Maynamoti বাজার,৩৫২১
চট্টগ্রাম,কুমিল্লা,চান্দিনা,চান্দিয়া,৩৫১০
চট্টগ্রাম,কুমিল্লা,চান্দিনা,Madhaiabazar,৩৫১১
চট্টগ্রাম,কুমিল্লা,চৌদ্দগ্রাম,Batisa,৩৫৫১
চট্টগ্রাম,কুমিল্লা,চৌদ্দগ্রাম,Chiora,৩৫৫২
চট্টগ্রাম,কুমিল্লা,চৌদ্দগ্রাম,চৌদ্দগ্রাম,৩৫৫০
চট্টগ্রাম,কুমিল্লা,কুমিল্লা সদর,কুমিল্লা Contoment,৩৫০১
চট্টগ্রাম,কুমিল্লা,কুমিল্লা সদর,কুমিল্লা সদর,৩৫০০
চট্টগ্রাম,কুমিল্লা,কুমিল্লা সদর,Courtbari,৩৫০৩
চট্টগ্রাম,কুমিল্লা,কুমিল্লা সদর,Halimanagar,৩৫০২
চট্টগ্রাম,কুমিল্লা,কুমিল্লা সদর,Suaganj,৩৫০৪
চট্টগ্রাম,কুমিল্লা,দাউদকান্দি,Dashpara,৩৫১৮
চট্টগ্রাম,কুমিল্লা,দাউদকান্দি,দাউদকান্দি,৩৫১৬
চট্টগ্রাম,কুমিল্লা,দাউদকান্দি,Eliotganj,৩৫১৯
চট্টগ্রাম,কুমিল্লা,দাউদকান্দি,গৌরীপুর,৩৫১৭
চট্টগ্রাম,কুমিল্লা,দাবিদার,Barashalghar,৩৫৩২
চট্টগ্রাম,কুমিল্লা,দাবিদার,দাবিদার,৩৫৩০
চট্টগ্রাম,কুমিল্লা,দাবিদার,Dhamtee,৩৫৩৩
চট্টগ্রাম,কুমিল্লা,দাবিদার,Gangamandal,৩৫৩১
চট্টগ্রাম,কুমিল্লা,হোমনা,হোমনা,৩৫৪৬
চট্টগ্রাম,কুমিল্লা,লাকসাম,Bipulasar,৩৫৭২
চট্টগ্রাম,কুমিল্লা,লাকসাম,লাকসাম,৩৫৭০
চট্টগ্রাম,কুমিল্লা,লাকসাম,Lakshamanpur,৩৫৭১
চট্টগ্রাম,কুমিল্লা,লাঙ্গলকোট,Chhariabazar,৩৫৮২
চট্টগ্রাম,কুমিল্লা,লাঙ্গলকোট,Dhalua,৩৫৮১
চট্টগ্রাম,কুমিল্লা,লাঙ্গলকোট,Gunabati,৩৫৮৩
চট্টগ্রাম,কুমিল্লা,লাঙ্গলকোট,লাঙ্গলকোট,৩৫৮০
চট্টগ্রাম,কুমিল্লা,মুরাদনগর,Bangra,৩৫৪৩
চট্টগ্রাম,কুমিল্লা,মুরাদনগর,কোম্পানীগঞ্জ,৩৫৪২
চট্টগ্রাম,কুমিল্লা,মুরাদনগর,মুরাদনগর,৩৫৪০
চট্টগ্রাম,কুমিল্লা,মুরাদনগর,Pantibazar,৩৫৪৫
চট্টগ্রাম,কুমিল্লা,মুরাদনগর,Ramchandarpur,৩৫৪১
চট্টগ্রাম,কুমিল্লা,মুরাদনগর,Sonakanda,৩৫৪৪
চট্টগ্রাম,কক্সবাজার,চিরিঙ্গা,Badarkali,৪৭৪২
চট্টগ্রাম,কক্সবাজার,চিরিঙ্গা,চিরিঙ্গা,৪৭৪০
চট্টগ্রাম,কক্সবাজার,চিরিঙ্গা,চিরিঙ্গা S.O,৪৭৪১
চট্টগ্রাম,কক্সবাজার,চিরিঙ্গা,Malumghat,৪৭৪৩
চট্টগ্রাম,কক্সবাজার,কক্সবাজার সদর,কক্সবাজার সদর,৪৭০০
চট্টগ্রাম,কক্সবাজার,কক্সবাজার সদর,Eidga,৪৭০২
চট্টগ্রাম,কক্সবাজার,কক্সবাজার সদর,Zhilanja,৪৭০১
চট্টগ্রাম,কক্সবাজার,Gorakghat,Gorakghat,৪৭১০
চট্টগ্রাম,কক্সবাজার,কুতুবদিয়া,কুতুবদিয়া,৪৭২০
চট্টগ্রাম,কক্সবাজার,রামু,রামু,৪৭৩০
চট্টগ্রাম,কক্সবাজার,টেকনাফ,Hnila,৪৭৬১
চট্টগ্রাম,কক্সবাজার,টেকনাফ,St.Martin,৪৭৬২
চট্টগ্রাম,কক্সবাজার,টেকনাফ,টেকনাফ,৪৭৬০
চট্টগ্রাম,কক্সবাজার,উখিয়া,উখিয়া,৪৭৫০
চট্টগ্রাম,ফেনী,Chhagalnaia,Chhagalnaia,৩৯১০
চট্টগ্রাম,ফেনী,Chhagalnaia,Daraga হাট,৩৯১২
চট্টগ্রাম,ফেনী,Chhagalnaia,মহারাজগঞ্জ,৩৯১১
চট্টগ্রাম,ফেনী,Chhagalnaia,Puabashimulia,৩৯১৩
চট্টগ্রাম,ফেনী,দাগনভূইয়া,Chhilonia,৩৯২২
চট্টগ্রাম,ফেনী,দাগনভূইয়া,Dagondhuia,৩৯২০
চট্টগ্রাম,ফেনী,দাগনভূইয়া,Dudmukha,৩৯২১
চট্টগ্রাম,ফেনী,দাগনভূইয়া,রাজাপুর,৩৯২৩
চট্টগ্রাম,ফেনী,ফেনী সদর,Fazilpur,৩৯০১
চট্টগ্রাম,ফেনী,ফেনী সদর,ফেনী সদর,৩৯০০
চট্টগ্রাম,ফেনী,ফেনী সদর,Laskarhat,৩৯০৩
চট্টগ্রাম,ফেনী,ফেনী সদর,Sharshadie,৩৯০২
চট্টগ্রাম,ফেনী,পশুরামপুর,ফুলগাজী,৩৯৪২
চট্টগ্রাম,ফেনী,পশুরামপুর,Munshirhat,৩৯৪৩
চট্টগ্রাম,ফেনী,পশুরামপুর,পশুরামপুর,৩৯৪০
চট্টগ্রাম,ফেনী,পশুরামপুর,Shuarbazar,৩৯৪১
চট্টগ্রাম,ফেনী,সোনাগাজী,আহমদপুর,৩৯৩২
চট্টগ্রাম,ফেনী,সোনাগাজী,Kazirhat,৩৯৩৩
চট্টগ্রাম,ফেনী,সোনাগাজী,Motiganj,৩৯৩১
চট্টগ্রাম,ফেনী,সোনাগাজী,সোনাগাজী,৩৯৩০
চট্টগ্রাম,খাগড়াছড়ি,Diginala,Diginala,৪৪২০
চট্টগ্রাম,খাগড়াছড়ি,খাগড়াছড়ি সদর,খাগড়াছড়ি সদর,৪৪০০
চট্টগ্রাম,খাগড়াছড়ি,Laxmichhari,Laxmichhari,৪৪৭০
চট্টগ্রাম,খাগড়াছড়ি,Mahalchhari,Mahalchhari,৪৪৩০
চট্টগ্রাম,খাগড়াছড়ি,মানিকছড়ি,মানিকছড়ি,৪৪৬০
চট্টগ্রাম,খাগড়াছড়ি,মাটিরাঙ্গা,মাটিরাঙ্গা,৪৪৫০
চট্টগ্রাম,খাগড়াছড়ি,পানছড়ি,পানছড়ি,৪৪১০
চট্টগ্রাম,খাগড়াছড়ি,রামগড়ে প্রধান কার্যালয়,রামগড়ে প্রধান কার্যালয়,৪৪৪০
চট্টগ্রাম,লক্ষ্মীপুর,চর আলেক্সজান্ডার,চর আলেক্সজান্ডার,৩৭৩০
চট্টগ্রাম,লক্ষ্মীপুর,চর আলেক্সজান্ডার,Hajirghat,৩৭৩১
চট্টগ্রাম,লক্ষ্মীপুর,চর আলেক্সজান্ডার,Ramgatirhat,৩৭৩২
চট্টগ্রাম,লক্ষ্মীপুর,লক্ষ্মীপুর সদর,Amani থেকে লক্ষ্মীপুর,৩৭০৯
চট্টগ্রাম,লক্ষ্মীপুর,লক্ষ্মীপুর সদর,ভবানীগঞ্জ,৩৭০২
চট্টগ্রাম,লক্ষ্মীপুর,লক্ষ্মীপুর সদর,চন্দ্রগঞ্জ,৩৭০৮
চট্টগ্রাম,লক্ষ্মীপুর,লক্ষ্মীপুর সদর,Choupalli,৩৭০৭
চট্টগ্রাম,লক্ষ্মীপুর,লক্ষ্মীপুর সদর,দালাল বাজার,৩৭০১
চট্টগ্রাম,লক্ষ্মীপুর,লক্ষ্মীপুর সদর,Duttapara,৩৭০৬
চট্টগ্রাম,লক্ষ্মীপুর,লক্ষ্মীপুর সদর,Keramatganj,৩৭০৪
চট্টগ্রাম,লক্ষ্মীপুর,লক্ষ্মীপুর সদর,লক্ষ্মীপুর সদর,৩৭০০
চট্টগ্রাম,লক্ষ্মীপুর,লক্ষ্মীপুর সদর,Mandari,৩৭০৩
চট্টগ্রাম,লক্ষ্মীপুর,লক্ষ্মীপুর সদর,Rupchara,৩৭০৫
চট্টগ্রাম,লক্ষ্মীপুর,রামগঞ্জ,আলীপুর,৩৭২১
চট্টগ্রাম,লক্ষ্মীপুর,রামগঞ্জ,Dolta,৩৭২৫
চট্টগ্রাম,লক্ষ্মীপুর,রামগঞ্জ,কাঞ্চনপুর,৩৭২৩
চট্টগ্রাম,লক্ষ্মীপুর,রামগঞ্জ,Naagmud,৩৭২৪
চট্টগ্রাম,লক্ষ্মীপুর,রামগঞ্জ,Panpara,৩৭২২
চট্টগ্রাম,লক্ষ্মীপুর,রামগঞ্জ,রামগঞ্জ,৩৭২০
চট্টগ্রাম,লক্ষ্মীপুর,রায়পুর,Bhuabari,৩৭১৪
চট্টগ্রাম,লক্ষ্মীপুর,রায়পুর,Haydarganj,৩৭১৩
চট্টগ্রাম,লক্ষ্মীপুর,রায়পুর,Nagerdighirpar,৩৭১২
চট্টগ্রাম,লক্ষ্মীপুর,রায়পুর,Rakhallia,৩৭১১
চট্টগ্রাম,লক্ষ্মীপুর,রায়পুর,রায়পুর,৩৭১০
চট্টগ্রাম,নোয়াখালী,Basurhat,Basur হাট,৩৮৫০
চট্টগ্রাম,নোয়াখালী,Basurhat,Charhajari,৩৮৫১
চট্টগ্রাম,নোয়াখালী,বেগমগঞ্জ,Alaiarpur,৩৮৩১
চট্টগ্রাম,নোয়াখালী,বেগমগঞ্জ,Amisha পাড়া,৩৮৪৭
চট্টগ্রাম,নোয়াখালী,বেগমগঞ্জ,বাংলাবাজার,৩৮২২
চট্টগ্রাম,নোয়াখালী,বেগমগঞ্জ,Bazra,৩৮২৪
চট্টগ্রাম,নোয়াখালী,বেগমগঞ্জ,বেগমগঞ্জ,৩৮২০
চট্টগ্রাম,নোয়াখালী,বেগমগঞ্জ,ভবানী Jibanpur,৩৮৩৭
চট্টগ্রাম,নোয়াখালী,বেগমগঞ্জ,Choumohani,৩৮২১
চট্টগ্রাম,নোয়াখালী,বেগমগঞ্জ,Dauti,৩৮৪৩
চট্টগ্রাম,নোয়াখালী,বেগমগঞ্জ,দুর্গাপুর,৩৮৪৮
চট্টগ্রাম,নোয়াখালী,বেগমগঞ্জ,গোপালপুর,৩৮২৮
চট্টগ্রাম,নোয়াখালী,বেগমগঞ্জ,Jamidar হাট,৩৮২৫
চট্টগ্রাম,নোয়াখালী,বেগমগঞ্জ,Joyag,৩৮৪৪
চট্টগ্রাম,নোয়াখালী,বেগমগঞ্জ,Joynarayanpur,৩৮২৯
চট্টগ্রাম,নোয়াখালী,বেগমগঞ্জ,Khalafat বাজার,৩৮৩৩
চট্টগ্রাম,নোয়াখালী,বেগমগঞ্জ,খালিশপুর,৩৮৪২
চট্টগ্রাম,নোয়াখালী,বেগমগঞ্জ,Maheshganj,৩৮৩৮
চট্টগ্রাম,নোয়াখালী,বেগমগঞ্জ,মীর Owarishpur,৩৮২৩
চট্টগ্রাম,নোয়াখালী,বেগমগঞ্জ,Nadona,৩৮৩৯
চট্টগ্রাম,নোয়াখালী,বেগমগঞ্জ,Nandiapara,৩৮৪১
চট্টগ্রাম,নোয়াখালী,বেগমগঞ্জ,Oachhekpur,৩৮৩৫
চট্টগ্রাম,নোয়াখালী,বেগমগঞ্জ,রাজগঞ্জ,৩৮৩৪
চট্টগ্রাম,নোয়াখালী,বেগমগঞ্জ,সোনাইমুড়ি,৩৮২৭
চট্টগ্রাম,নোয়াখালী,বেগমগঞ্জ,Tangirpar,৩৮৩২
চট্টগ্রাম,নোয়াখালী,বেগমগঞ্জ,Thanar হাট,৩৮৪৫
চট্টগ্রাম,নোয়াখালী,চাটখিল,Bansa বাজার,৩৮৭৯
চট্টগ্রাম,নোয়াখালী,চাটখিল,Bodalcourt,৩৮৭৩
চট্টগ্রাম,নোয়াখালী,চাটখিল,চাটখিল,৩৮৭০
চট্টগ্রাম,নোয়াখালী,চাটখিল,দশদিন Gharia,৩৮৭৮
চট্টগ্রাম,নোয়াখালী,চাটখিল,Karihati,৩৮৭৭
চট্টগ্রাম,নোয়াখালী,চাটখিল,Khilpara,৩৮৭২
চট্টগ্রাম,নোয়াখালী,চাটখিল,Palla,৩৮৭১
চট্টগ্রাম,নোয়াখালী,চাটখিল,Rezzakpur,৩৮৭৪
চট্টগ্রাম,নোয়াখালী,চাটখিল,সাহাপুর,৩৮৮১
চট্টগ্রাম,নোয়াখালী,চাটখিল,শম্পার,৩৮৮২
চট্টগ্রাম,নোয়াখালী,চাটখিল,Shingbahura,৩৮৮৩
চট্টগ্রাম,নোয়াখালী,চাটখিল,Solla,৩৮৭৫
চট্টগ্রাম,নোয়াখালী,হাতিয়া,Afazia,৩৮৯১
চট্টগ্রাম,নোয়াখালী,হাতিয়া,হাতিয়া,৩৮৯০
চট্টগ্রাম,নোয়াখালী,হাতিয়া,Tamoraddi,৩৮৯২
চট্টগ্রাম,নোয়াখালী,নোয়াখালী সদর,Chaprashir হাট,৩৮১১
চট্টগ্রাম,নোয়াখালী,নোয়াখালী সদর,চর জব্বার,৩৮১২
চট্টগ্রাম,নোয়াখালী,নোয়াখালী সদর,Charam Tua থেকে,৩৮০৯
চট্টগ্রাম,নোয়াখালী,নোয়াখালী সদর,দীন মনির হাট,৩৮০৩
চট্টগ্রাম,নোয়াখালী,নোয়াখালী সদর,কবিরহাট,৩৮০৭
চট্টগ্রাম,নোয়াখালী,নোয়াখালী সদর,Khalifar হাট,৩৮০৮
চট্টগ্রাম,নোয়াখালী,নোয়াখালী সদর,Mriddarhat,৩৮০৬
চট্টগ্রাম,নোয়াখালী,নোয়াখালী সদর,নোয়াখালী কলেজ,৩৮০১
চট্টগ্রাম,নোয়াখালী,নোয়াখালী সদর,নোয়াখালী সদর,৩৮০০
চট্টগ্রাম,নোয়াখালী,নোয়াখালী সদর,পাক কিশোরগঞ্জ,৩৮০৪
চট্টগ্রাম,নোয়াখালী,নোয়াখালী সদর,সোনাপুর,৩৮০২
চট্টগ্রাম,নোয়াখালী,সেনবাগ,Beezbag,৩৮৬২
চট্টগ্রাম,নোয়াখালী,সেনবাগ,Chatarpaia,৩৮৬৪
চট্টগ্রাম,নোয়াখালী,সেনবাগ,Kallyandi,৩৮৬১
চট্টগ্রাম,নোয়াখালী,সেনবাগ,Kankirhat,৩৮৬৩
চট্টগ্রাম,নোয়াখালী,সেনবাগ,সেনবাগ,৩৮৬০
চট্টগ্রাম,নোয়াখালী,সেনবাগ,T.P. Lamua,৩৮৬৫
চট্টগ্রাম,রাঙ্গামাটি,Barakal,Barakal,৪৫৭০
চট্টগ্রাম,রাঙ্গামাটি,Bilaichhari,Bilaichhari,৪৫৫০
চট্টগ্রাম,রাঙ্গামাটি,Jarachhari,Jarachhari,৪৫৬০
চট্টগ্রাম,রাঙ্গামাটি,Kalampati,বেতবুনিয়া,৪৫১১
চট্টগ্রাম,রাঙ্গামাটি,Kalampati,Kalampati,৪৫১০
চট্টগ্রাম,রাঙ্গামাটি,কাপ্তাই,চন্দ্রঘোনার,৪৫৩১
চট্টগ্রাম,রাঙ্গামাটি,কাপ্তাই,কাপ্তাই,৪৫৩০
চট্টগ্রাম,রাঙ্গামাটি,কাপ্তাই,কাপ্তাই Nuton বাজার,৪৫৩৩
চট্টগ্রাম,রাঙ্গামাটি,কাপ্তাই,কাপ্তাই প্রকল্প,৪৫৩২
চট্টগ্রাম,রাঙ্গামাটি,Longachh,Longachh,৪৫৮০
চট্টগ্রাম,রাঙ্গামাটি,Marishya,Marishya,৪৫৯০
চট্টগ্রাম,রাঙ্গামাটি,Naniachhar,Nanichhar,৪৫২০
চট্টগ্রাম,রাঙ্গামাটি,Rajsthali,Rajsthali,৪৫৪০
চট্টগ্রাম,রাঙ্গামাটি,রাঙ্গামাটি সদর,রাঙ্গামাটি সদর,৪৫০০
খুলনা,বাগেরহাটের,বাগেরহাট সদর,বাগেরহাট সদর,৯৩০০
খুলনা,বাগেরহাটের,বাগেরহাট সদর,P.C কলেজ,৯৩০১
খুলনা,বাগেরহাটের,বাগেরহাট সদর,Rangdia,৯৩০২
খুলনা,বাগেরহাটের,চালনা Ankorage,চালনা Ankorage,৯৩৫০
খুলনা,বাগেরহাটের,চালনা Ankorage,মংলা বন্দর,৯৩৫১
খুলনা,বাগেরহাটের,চিতলমারী,বড়বাডি়য়া,৯৩৬১
খুলনা,বাগেরহাটের,চিতলমারী,চিতলমারী,৯৩৬০
খুলনা,বাগেরহাটের,ফকিরহাট,Bhanganpar বাজার,৯৩৭২
খুলনা,বাগেরহাটের,ফকিরহাট,ফকিরহাট,৯৩৭০
খুলনা,বাগেরহাটের,ফকিরহাট,মানসা,৯৩৭১
খুলনা,বাগেরহাটের,কচুয়া Upo,কচুয়া,৯৩১০
খুলনা,বাগেরহাটের,কচুয়া Upo,Sonarkola,৯৩১১
খুলনা,বাগেরহাটের,মোল্লাহাট,Charkulia,৯৩৮৩
খুলনা,বাগেরহাটের,মোল্লাহাট,Dariala,৯৩৮২
খুলনা,বাগেরহাটের,মোল্লাহাট,Kahalpur,৯৩৮১
খুলনা,বাগেরহাটের,মোল্লাহাট,মোল্লাহাট,৯৩৮০
খুলনা,বাগেরহাটের,মোল্লাহাট,Nagarkandi,৯৩৮৪
খুলনা,বাগেরহাটের,মোল্লাহাট,পাক গাংনী,৯৩৮৫
খুলনা,বাগেরহাটের,মোরেলগঞ্জের,মোরেলগঞ্জের,৯৩২০
খুলনা,বাগেরহাটের,মোরেলগঞ্জের,সন্ন্যাসী বাজার,৯৩২১
খুলনা,বাগেরহাটের,মোরেলগঞ্জের,Telisatee,৯৩২২
খুলনা,বাগেরহাটের,রামপাল,Foylahat,৯৩৪১
খুলনা,বাগেরহাটের,রামপাল,Gourambha,৯৩৪৩
খুলনা,বাগেরহাটের,রামপাল,রামপাল,৯৩৪০
খুলনা,বাগেরহাটের,রামপাল,Sonatunia,৯৩৪২
খুলনা,বাগেরহাটের,Rayenda,Rayenda,৯৩৩০
খুলনা,চুয়াডাঙ্গা,আলমডাঙ্গা,আলমডাঙ্গা,৭২১০
খুলনা,চুয়াডাঙ্গা,আলমডাঙ্গা,Hardi,৭২১১
খুলনা,চুয়াডাঙ্গা,চুয়াডাঙ্গা সদর,চুয়াডাঙ্গা সদর,৭২০০
খুলনা,চুয়াডাঙ্গা,চুয়াডাঙ্গা সদর,মুন্সিগঞ্জ,৭২০১
খুলনা,চুয়াডাঙ্গা,দামুড়হুদা,Andulbaria,৭২২২
খুলনা,চুয়াডাঙ্গা,দামুড়হুদা,দামুড়হুদা,৭২২০
খুলনা,চুয়াডাঙ্গা,দামুড়হুদা,দর্শনা,৭২২১
খুলনা,চুয়াডাঙ্গা,Doulatganj,Doulatganj,৭২৩০
খুলনা,যশোর,বাঘারপাড়া,বাঘারপাড়া,৭৪৭০
খুলনা,যশোর,বাঘারপাড়া,Gouranagar,৭৪৭১
খুলনা,যশোর,চৌগাছা,চৌগাছা,৭৪১০
খুলনা,যশোর,যশোর সদর,বসুন্দিয়া,৭৪০৬
খুলনা,যশোর,যশোর সদর,নগরী Chanchra,৭৪০২
খুলনা,যশোর,যশোর সদর,Churamankathi,৭৪০৭
খুলনা,যশোর,যশোর সদর,যশোর Airbach,৭৪০৪
খুলনা,যশোর,যশোর সদর,যশোর canttonment,৭৪০৩
খুলনা,যশোর,যশোর সদর,যশোর সদর,৭৪০০
খুলনা,যশোর,যশোর সদর,যশোর ইউপিএ-সাহারের,৭৪০১
খুলনা,যশোর,যশোর সদর,Rupdia,৭৪০৫
খুলনা,যশোর,ঝিকরগাছা,ঝিকরগাছা,৭৪২০
খুলনা,যশোর,কেশবপুর,কেশবপুর,৭৪৫০
খুলনা,যশোর,মনিরামপুর,মনিরামপুর,৭৪৪০
খুলনা,যশোর,নোয়াপাড়া,Bhugilhat,৭৪৬২
খুলনা,যশোর,নোয়াপাড়া,নোয়াপাড়া,৭৪৬০
খুলনা,যশোর,নোয়াপাড়া,রাজঘাট,৭৪৬১
খুলনা,যশোর,Sarsa,ব্যাগ Achra,৭৪৩৩
খুলনা,যশোর,Sarsa,বেনাপোল,৭৪৩১
খুলনা,যশোর,Sarsa,Jadabpur,৭৪৩২
খুলনা,যশোর,Sarsa,Sarsa,৭৪৩০
খুলনা,Jinaidaha,হরিনাকুন্ডু,হরিনাকুন্ডু,৭৩১০
খুলনা,Jinaidaha,Jinaidaha সদর,Jinaidaha ক্যাডেট কলেজ,৭৩০১
খুলনা,Jinaidaha,Jinaidaha সদর,Jinaidaha সদর,৭৩০০
খুলনা,Jinaidaha,কোটচাঁদপুর,কোটচাঁদপুর,৭৩৩০
খুলনা,Jinaidaha,মহেশপুর,মহেশপুর,৭৩৪০
খুলনা,Jinaidaha,নলডাঙ্গা,Hatbar বাজার,৭৩৫১
খুলনা,Jinaidaha,নলডাঙ্গা,নলডাঙ্গা,৭৩৫০
খুলনা,Jinaidaha,শৈলকুপা,Kumiradaha,৭৩২১
খুলনা,Jinaidaha,শৈলকুপা,শৈলকুপা,৭৩২০
খুলনা,খুলনা,Alaipur,Alaipur,৯২৪০
খুলনা,খুলনা,Alaipur,Belphulia,৯২৪২
খুলনা,খুলনা,Alaipur,রূপসা,৯২৪১
খুলনা,খুলনা,Batiaghat,Batiaghat,৯২৬০
খুলনা,খুলনা,Batiaghat,Surkalee,৯২৬১
খুলনা,খুলনা,চালনা বাজার,Bajua,৯২৭২
খুলনা,খুলনা,চালনা বাজার,চালনা বাজার,৯২৭০
খুলনা,খুলনা,চালনা বাজার,Dakup,৯২৭১
খুলনা,খুলনা,চালনা বাজার,Nalian,৯২৭৩
খুলনা,খুলনা,Digalia,চাঁদনি মহল,৯২২১
খুলনা,খুলনা,Digalia,Digalia,৯২২০
খুলনা,খুলনা,Digalia,Gazirhat,৯২২৪
খুলনা,খুলনা,Digalia,Ghoshghati,৯২২৩
খুলনা,খুলনা,Digalia,Senhati,৯২২২
খুলনা,খুলনা,খুলনা সদর,Atra শিল্পা ফোন,৯২০৭
খুলনা,খুলনা,খুলনা সদর,বিআইটি খুলনা,৯২০৩
খুলনা,খুলনা,খুলনা সদর,দৌলতপুর,৯২০২
খুলনা,খুলনা,খুলনা সদর,জাহানাবাদ Canttonmen,৯২০৫
খুলনা,খুলনা,খুলনা সদর,Khula সদর,৯১০০
খুলনা,খুলনা,খুলনা সদর,খুলনা G.P.O,৯০০০
খুলনা,খুলনা,খুলনা সদর,খুলনা শিপইয়ার্ড,৯২০১
খুলনা,খুলনা,খুলনা সদর,খুলনা বিশ্ববিদ্যালয়ের,৯২০৮
খুলনা,খুলনা,খুলনা সদর,Siramani,৯২০৪
খুলনা,খুলনা,খুলনা সদর,সোনালী জুট মিলস,৯২০৬
খুলনা,খুলনা,Madinabad,Amadee,৯২৯১
খুলনা,খুলনা,Madinabad,Madinabad,৯২৯০
খুলনা,খুলনা,পাইকগাছা,Chandkhali,৯২৮৪
খুলনা,খুলনা,পাইকগাছা,Garaikhali,৯২৮৫
খুলনা,খুলনা,পাইকগাছা,Godaipur,৯২৮১
খুলনা,খুলনা,পাইকগাছা,Kapilmoni,৯২৮২
খুলনা,খুলনা,পাইকগাছা,Katipara,৯২৮৩
খুলনা,খুলনা,পাইকগাছা,পাইকগাছা,৯২৮০
খুলনা,খুলনা,ফুলতলা,ফুলতলা,৯২১০
খুলনা,খুলনা,Sajiara,চুকনগর,৯২৫২
খুলনা,খুলনা,Sajiara,Ghonabanda,৯২৫১
খুলনা,খুলনা,Sajiara,Sajiara,৯২৫০
খুলনা,খুলনা,Sajiara,শাহাপুর,৯২৫৩
খুলনা,খুলনা,Terakhada,পাক বারাসত,৯২৩১
খুলনা,খুলনা,Terakhada,Terakhada,৯২৩০
খুলনা,কুষ্টিয়া,ভেড়ামারা,Allardarga,৭০৪২
খুলনা,কুষ্টিয়া,ভেড়ামারা,ভেড়ামারা,৭০৪০
খুলনা,কুষ্টিয়া,ভেড়ামারা,গঙ্গা ভেড়ামারা,৭০৪১
খুলনা,কুষ্টিয়া,Janipur,Janipur,৭০২০
খুলনা,কুষ্টিয়া,Janipur,খোকসা,৭০২১
খুলনা,কুষ্টিয়া,কুমারখালী,কুমারখালী,৭০১০
খুলনা,কুষ্টিয়া,কুমারখালী,পান্টি,৭০১১
খুলনা,কুষ্টিয়া,কুষ্টিয়া সদর,ইসলামী বিশ্ববিদ্যালয়,৭০০৩
খুলনা,কুষ্টিয়া,কুষ্টিয়া সদর,Jagati,৭০০২
খুলনা,কুষ্টিয়া,কুষ্টিয়া সদর,কুষ্টিয়া মোহিনী,৭০০১
খুলনা,কুষ্টিয়া,কুষ্টিয়া সদর,কুষ্টিয়া সদর,৭০০০
খুলনা,কুষ্টিয়া,মিরপুর,আমলা সদরপুর,৭০৩২
খুলনা,কুষ্টিয়া,মিরপুর,মিরপুর,৭০৩০
খুলনা,কুষ্টিয়া,মিরপুর,Poradaha,৭০৩১
খুলনা,কুষ্টিয়া,Rafayetpur,Khasmathurapur,৭০৫২
খুলনা,কুষ্টিয়া,Rafayetpur,Rafayetpur,৭০৫০
খুলনা,কুষ্টিয়া,Rafayetpur,Taragunia,৭০৫১
খুলনা,মাগুরা,আড়পাড়া,আড়পাড়া,৭৬২০
খুলনা,মাগুরা,মাগুরা সদর,মাগুরা সদর,৭৬০০
খুলনা,মাগুরা,মোহাম্মদপুর,বিনোদপুর,৭৬৩১
খুলনা,মাগুরা,মোহাম্মদপুর,মোহাম্মদপুর,৭৬৩০
খুলনা,মাগুরা,মোহাম্মদপুর,Nahata,৭৬৩২
খুলনা,মাগুরা,Shripur,Langalbadh,৭৬১১
খুলনা,মাগুরা,Shripur,Nachol,৭৬১২
খুলনা,মাগুরা,Shripur,Shripur,৭৬১০
খুলনা,মেহেরপুর,গাংনী,গাংনী,৭১১০
খুলনা,মেহেরপুর,মেহেরপুর সদর,Amjhupi,৭১০১
খুলনা,মেহেরপুর,মেহেরপুর সদর,Amjhupi,৭১৫২
খুলনা,মেহেরপুর,মেহেরপুর সদর,মেহেরপুর সদর,৭১০০
খুলনা,মেহেরপুর,মেহেরপুর সদর,মুজিব নগর কমপ্লেক্স,৭১০২
খুলনা,নড়াইল,কালিয়া,কালিয়া,৭৫২০
খুলনা,নড়াইল,Laxmipasha,Baradia,৭৫১৪
খুলনা,নড়াইল,Laxmipasha,ইটনা,৭৫১২
খুলনা,নড়াইল,Laxmipasha,Laxmipasha,৭৫১০
খুলনা,নড়াইল,Laxmipasha,লোহাগড়া,৭৫১১
খুলনা,নড়াইল,Laxmipasha,Naldi,৭৫১৩
খুলনা,নড়াইল,Mohajan,Mohajan,৭৫২১
খুলনা,নড়াইল,নড়াইল সদর,নড়াইল সদর,৭৫০০
খুলনা,নড়াইল,নড়াইল সদর,Ratanganj,৭৫০১
খুলনা,সাতক্ষীরা,আশাশুনির,আশাশুনির,৯৪৬০
খুলনা,সাতক্ষীরা,আশাশুনির,বড়দল,৯৪৬১
খুলনা,সাতক্ষীরা,Debbhata,Debbhata,৯৪৩০
খুলনা,সাতক্ষীরা,Debbhata,Gurugram,৯৪৩১
খুলনা,সাতক্ষীরা,কলারোয়া,Chandanpur,৯৪১৫
খুলনা,সাতক্ষীরা,কলারোয়া,Hamidpur,৯৪১৩
খুলনা,সাতক্ষীরা,কলারোয়া,ঝাউডাঙ্গা,৯৪১২
খুলনা,সাতক্ষীরা,কলারোয়া,কলারোয়া,৯৪১০
খুলনা,সাতক্ষীরা,কলারোয়া,Khordo,৯৪১৪
খুলনা,সাতক্ষীরা,কলারোয়া,মুরারীকাঠী,৯৪১১
খুলনা,সাতক্ষীরা,কালীগঞ্জ Upo,কালীগঞ্জ Upo,৯৪৪০
খুলনা,সাতক্ষীরা,কালীগঞ্জ Upo,নলতা Mubaroknagar,৯৪৪১
খুলনা,সাতক্ষীরা,কালীগঞ্জ Upo,রতনপুর,৯৪৪২
খুলনা,সাতক্ষীরা,Nakipur,বুড়ি Goalini,৯৪৫৩
খুলনা,সাতক্ষীরা,Nakipur,গাবুরা,৯৪৫৪
খুলনা,সাতক্ষীরা,Nakipur,Habinagar,৯৪৫৫
খুলনা,সাতক্ষীরা,Nakipur,Nakipur,৯৪৫০
খুলনা,সাতক্ষীরা,Nakipur,Naobeki,৯৪৫২
খুলনা,সাতক্ষীরা,Nakipur,Noornagar,৯৪৫১
খুলনা,সাতক্ষীরা,সাতক্ষীরা সদর,Budhhat,৯৪০৩
খুলনা,সাতক্ষীরা,সাতক্ষীরা সদর,Gunakar Kati,৯৪০২
খুলনা,সাতক্ষীরা,সাতক্ষীরা সদর,সাতক্ষীরা ইসলামিয়া Acc,৯৪০১
খুলনা,সাতক্ষীরা,সাতক্ষীরা সদর,সাতক্ষীরা সদর,৯৪০০
খুলনা,সাতক্ষীরা,Taala,পাটকেলঘাটা,৯৪২১
খুলনা,সাতক্ষীরা,Taala,Taala,৯৪২০
সিলেট,হবিগঞ্জ,আজমিরীগঞ্জ,আজমিরীগঞ্জ,৩৩৬০
সিলেট,হবিগঞ্জ,বাহুবল,বাহুবল,৩৩১০
সিলেট,হবিগঞ্জ,বানিয়াচং,বানিয়াচং,৩৩৫০
সিলেট,হবিগঞ্জ,বানিয়াচং,যাত্রাপাশা,৩৩৫১
সিলেট,হবিগঞ্জ,বানিয়াচং,কাদিরগঞ্জ,৩৩৫২
সিলেট,হবিগঞ্জ,চুনারুঘাট,চাঁদপুরবাগান,৩৩২১
সিলেট,হবিগঞ্জ,চুনারুঘাট,চুনারুঘাট,৩৩২০
সিলেট,হবিগঞ্জ,চুনারুঘাট,নরপাটি,৩৩২২
সিলেট,হবিগঞ্জ,হবিগঞ্জ সদর,গোপায়া,৩৩০২
সিলেট,হবিগঞ্জ,হবিগঞ্জ সদর,হবিগঞ্জ সদর,৩৩০০
সিলেট,হবিগঞ্জ,হবিগঞ্জ সদর,শায়েস্তাগঞ্জ,৩৩০১
সিলেট,হবিগঞ্জ,কালাউক,কালাউক,৩৩৪০
সিলেট,হবিগঞ্জ,কালাউক,লাখাই,৩৩৪১
সিলেট,হবিগঞ্জ,মাধবপুর,ইটাখোলা,৩৩৩১
সিলেট,হবিগঞ্জ,মাধবপুর,মাধবপুর,৩৩৩০
সিলেট,হবিগঞ্জ,মাধবপুর,সাইহাম নগর,৩৩৩৩
সিলেট,হবিগঞ্জ,মাধবপুর,শাহজিবাজার,৩৩৩২
সিলেট,হবিগঞ্জ,নবীগঞ্জ,দিগলবাক,৩৩৭৩
সিলেট,হবিগঞ্জ,নবীগঞ্জ,গোলডুবা,৩৩৭২
সিলেট,হবিগঞ্জ,নবীগঞ্জ,গোপলারবাজার,৩৩৭১
সিলেট,হবিগঞ্জ,নবীগঞ্জ,ইনাতগঞ্জ,৩৩৭৪
সিলেট,হবিগঞ্জ,নবীগঞ্জ,নবীগঞ্জ,৩৩৭০
সিলেট,মৌলভীবাজার,বড়লেখা,বড়লেখা,৩২৫০
সিলেট,মৌলভীবাজার,বড়লেখা,দক্ষিণবাগ,৩২৫২
সিলেট,মৌলভীবাজার,বড়লেখা,জুড়ী,৩২৫১
সিলেট,মৌলভীবাজার,বড়লেখা,পূর্বাশাহাবাজপুর,৩২৫৩
সিলেট,মৌলভীবাজার,কমলগঞ্জ,কমলগঞ্জ,৩২২০
সিলেট,মৌলভীবাজার,কমলগঞ্জ,কেরামত নগর,৩২২১
সিলেট,মৌলভীবাজার,কমলগঞ্জ,মুন্সীবাজার,৩২২৪
সিলেট,মৌলভীবাজার,কমলগঞ্জ,পাত্রখোলা,৩২২২
সিলেট,মৌলভীবাজার,কমলগঞ্জ,শমসের নগর,৩২২৩
সিলেট,মৌলভীবাজার,কুলাউড়া,বরমচাল,৩২৩৭
সিলেট,মৌলভীবাজার,কুলাউড়া,কাজলধারা,৩২৩৪
সিলেট,মৌলভীবাজার,কুলাউড়া,করিমপুর,৩২৩৫
সিলেট,মৌলভীবাজার,কুলাউড়া,কুলাউড়া,৩২৩০
সিলেট,মৌলভীবাজার,কুলাউড়া,লংলা,৩২৩২
সিলেট,মৌলভীবাজার,কুলাউড়া,পৃথিমপাশা,৩২৩৩
সিলেট,মৌলভীবাজার,কুলাউড়া,টিলাগাও,৩২৩১
সিলেট,মৌলভীবাজার,মৌলভীবাজার সদর,আফরোজগঞ্জ,৩২০৩
সিলেট,মৌলভীবাজার,মৌলভীবাজার সদর,বারাকাপান,৩২০১
সিলেট,মৌলভীবাজার,মৌলভীবাজার সদর,মনুমুখ,৩২০২
সিলেট,মৌলভীবাজার,মৌলভীবাজার সদর,মৌলভীবাজার সদর,৩২০০
সিলেট,মৌলভীবাজার,রাজনগর,রাজনগর,৩২৪০
সিলেট,মৌলভীবাজার,শ্রীমঙ্গল,কালীঘাট,৩২১২
সিলেট,মৌলভীবাজার,শ্রীমঙ্গল,খেজুরীছড়া,৩২১৩
সিলেট,মৌলভীবাজার,শ্রীমঙ্গল,নারায়ন ছড়া,৩২১১
সিলেট,মৌলভীবাজার,শ্রীমঙ্গল,সাতগাঁও,৩২১৪
সিলেট,মৌলভীবাজার,শ্রীমঙ্গল,শ্রীমঙ্গল,৩২১০
সিলেট,সুনামগঞ্জ,বিশম্ভরপুর,বিশম্ভরপুর,৩০১০
সিলেট,সুনামগঞ্জ,ছাতক,ছাতক,৩০৮০
সিলেট,সুনামগঞ্জ,ছাতক,ছাতক সিমেন্ট ফ্যাক্টরি,৩০৮১
সিলেট,সুনামগঞ্জ,ছাতক,ছাতক পেপার মিলস,৩০৮২
সিলেট,সুনামগঞ্জ,ছাতক,চৌরঙ্গী বাজার,৩৮৯৩
সিলেট,সুনামগঞ্জ,ছাতক,গোবিন্দগঞ্জ,৩০৮৩
সিলেট,সুনামগঞ্জ,ছাতক,গোবিন্দগঞ্জ নতুন বাজার,৩০৮৪
সিলেট,সুনামগঞ্জ,ছাতক,ইসলামাবাদ,৩০৮৮
সিলেট,সুনামগঞ্জ,ছাতক,জাহিদপুর,৩০৮৭
সিলেট,সুনামগঞ্জ,ছাতক,খুরমা,৩০৮৫
সিলেট,সুনামগঞ্জ,ছাতক,মৈনপুর,৩০৮৬
সিলেট,সুনামগঞ্জ,দিরাই চাঁদপুর,দিরাই চাঁদপুর,৩০৪০
সিলেট,সুনামগঞ্জ,দিরাই চাঁদপুর,জগদল,৩০৪১
সিলেট,সুনামগঞ্জ,দুয়ারা বাজার,দুয়ারা বাজার,৩০৭০
সিলেট,সুনামগঞ্জ,ঘুঙ্গিয়ার,ঘুঙ্গিয়ার,৩০৫০
সিলেট,সুনামগঞ্জ,জগন্নাথপুর,আতুয়াজান,৩০৬২
সিলেট,সুনামগঞ্জ,জগন্নাথপুর,হাসান ফাতেমাপুর,৩০৬৩
সিলেট,সুনামগঞ্জ,জগন্নাথপুর,জগন্নাথপুর,৩০৬০
সিলেট,সুনামগঞ্জ,জগন্নাথপুর,রাসূলগঞ্জ,৩০৬৪
সিলেট,সুনামগঞ্জ,জগন্নাথপুর,শিরামসি,৩০৬৫
সিলেট,সুনামগঞ্জ,জগন্নাথপুর,সৈয়দপুর,৩০৬১
সিলেট,সুনামগঞ্জ,সাচনা,সাচনা,৩০২০
সিলেট,সুনামগঞ্জ,সুনামগঞ্জ সদর,পাগলা,৩০০১
সিলেট,সুনামগঞ্জ,সুনামগঞ্জ সদর,পাথারিয়া,৩০০২
সিলেট,সুনামগঞ্জ,সুনামগঞ্জ সদর,সুনামগঞ্জ সদর,৩০০০
সিলেট,সুনামগঞ্জ,তাহিরপুর,তাহিরপুর,৩০৩০
সিলেট,সিলেট,বালাগঞ্জ,বালাগঞ্জ,৩১২০
সিলেট,সিলেট,বালাগঞ্জ,বেগমপুর,৩১২৫
সিলেট,সিলেট,বালাগঞ্জ,ব্রহ্ম শাসন,৩১২২
সিলেট,সিলেট,বালাগঞ্জ,গহরপুর,৩১২৮
সিলেট,সিলেট,বালাগঞ্জ,গোয়ালা বাজার,৩১২৪
সিলেট,সিলেট,বালাগঞ্জ,করুয়া,৩১২১
সিলেট,সিলেট,বালাগঞ্জ,কাঁঠাল খাইর,৩১২৭
সিলেট,সিলেট,বালাগঞ্জ,নতুন বাজার,৩১২৯
সিলেট,সিলেট,বালাগঞ্জ,ওমরপুর,৩১২৬
সিলেট,সিলেট,বালাগঞ্জ,তাজপুর,৩১২৩
সিলেট,সিলেট,বিয়ানীবাজার,বিয়ানীবাজার,৩১৭০
সিলেট,সিলেট,বিয়ানীবাজার,চারখাই,৩১৭৫
সিলেট,সিলেট,বিয়ানীবাজার,জলঢুপ,৩১৭১
সিলেট,সিলেট,বিয়ানীবাজার,কুড়ার বাজার,৩১৭৩
সিলেট,সিলেট,বিয়ানীবাজার,মাথিউরা,৩১৭২
সিলেট,সিলেট,বিয়ানীবাজার,সালিয়া বাজার,৩১৭৪
সিলেট,সিলেট,বিশ্বনাথ,বিশ্বনাথ,৩১৩০
সিলেট,সিলেট,বিশ্বনাথ,দশঘর,৩১৩১
সিলেট,সিলেট,বিশ্বনাথ,দেওকলস,৩১৩৩
সিলেট,সিলেট,বিশ্বনাথ,দৌলতপুর,৩১৩২
সিলেট,সিলেট,বিশ্বনাথ,সিঙ্গার কাঞ্চ,৩১৩৪
সিলেট,সিলেট,ফেঞ্চুগঞ্জ,ফেঞ্চুগঞ্জ,৩১১৬
সিলেট,সিলেট,ফেঞ্চুগঞ্জ,ফেঞ্চুগঞ্জ সার কারখানা,৩১১৭
সিলেট,সিলেট,গোয়াইনহাট,চিকনাগুলি,৩১৫২
সিলেট,সিলেট,গোয়াইনহাট,গোয়াইনহাট,৩১৫০
সিলেট,সিলেট,গোয়াইনহাট,জাফলং,৩১৫১
সিলেট,সিলেট,গোপালগঞ্জ,বাণীগ্রাম,৩১৬৪
সিলেট,সিলেট,গোপালগঞ্জ,চন্দনপুর,৩১৬৫
সিলেট,সিলেট,গোপালগঞ্জ,দক্ষিণ ভাদাশরে,৩১৬২
সিলেট,সিলেট,গোপালগঞ্জ,ঢাকা দক্ষিণ,৩১৬১
সিলেট,সিলেট,গোপালগঞ্জ,গোপালগঞ্জ,৩১৬০
সিলেট,সিলেট,গোপালগঞ্জ,রানাপিং,৩১৬৩
সিলেট,সিলেট,জৈন্তাপুর,জৈন্তাপুর,৩১৫৬
সিলেট,সিলেট,জকিগঞ্জ,ইছামতি,৩১৯১
সিলেট,সিলেট,জকিগঞ্জ,জকিগঞ্জ,৩১৯০
সিলেট,সিলেট,কানাইঘাট,চটুলবাজার,৩১৮১
সিলেট,সিলেট,কানাইঘাট,গাছবাড়ী,৩১৮৩
সিলেট,সিলেট,কানাইঘাট,কানাইঘাট,৩১৮০
সিলেট,সিলেট,কানাইঘাট,মানিকগঞ্জ,৩১৮২
সিলেট,সিলেট,কোম্পানীগঞ্জ,কোম্পানীগঞ্জ,৩১৪০
সিলেট,সিলেট,সিলেট সদর,বিরাহিমপুর,৩১০৬
সিলেট,সিলেট,সিলেট সদর,জালালাবাদ,৩১০৭
সিলেট,সিলেট,সিলেট সদর,জালালাবাদ সেনানিবাস,৩১০৪
সিলেট,সিলেট,সিলেট সদর,কদমতলী,৩১১১
সিলেট,সিলেট,সিলেট সদর,কামালবাজার,৩১১২
সিলেট,সিলেট,সিলেট সদর,খাদিমনগর,৩১০৩
সিলেট,সিলেট,সিলেট সদর,লালবাজার,৩১১৩
সিলেট,সিলেট,সিলেট সদর,মগ্লা,৩১০৮
সিলেট,সিলেট,সিলেট সদর,রাঙ্গা হাজীগঞ্জ,৩১০৯
সিলেট,সিলেট,সিলেট সদর,শাহ্‌জালাল বিজ্ঞান ও প্রযুক্তি,৩১১৪
সিলেট,সিলেট,সিলেট সদর,সিলাম,৩১০৫
সিলেট,সিলেট,সিলেট সদর,সিলেট সদর,৩১০০
সিলেট,সিলেট,সিলেট সদর,সিলেট বিমান বন্দর,৩১০২
সিলেট,সিলেট,সিলেট সদর,সিলেট ক্যাডেট কলেজ,৩১০১
বরিশাল,বরগুনা,আমতলী,আমতলী,৮৭১০
বরিশাল,বরগুনা,বামনা,বামনা,৮৭৩০
বরিশাল,বরগুনা,বরগুনা সদর,বরগুনা সদর,৮৭০০
বরিশাল,বরগুনা,বরগুনা সদর,নালি বন্দর,৮৭০১
বরিশাল,বরগুনা,বেতাগী,বেতাগী,৮৭৪০
বরিশাল,বরগুনা,বেতাগী,দারুল ঊলম,৮৭৪১
বরিশাল,বরগুনা,পাথরঘাটা,কাকচিড়া,৮৭২১
বরিশাল,বরগুনা,পাথরঘাটা,পাথরঘাটা,৮৭২০
বরিশাল,বরিশাল,আগাইলঝড়া,আগাইলঝড়া,৮২৪০
বরিশাল,বরিশাল,আগাইলঝড়া,গাইলা,৮২৪১
বরিশাল,বরিশাল,আগাইলঝড়া,পয়সারহাট,৮২৪২
বরিশাল,বরিশাল,বাবুগঞ্জ,বাবুগঞ্জ,৮২১০
বরিশাল,বরিশাল,বাবুগঞ্জ,বরিশাল ক্যাডেট,৮২১৬
বরিশাল,বরিশাল,বাবুগঞ্জ,চাঁদপাশা,৮২১২
বরিশাল,বরিশাল,বাবুগঞ্জ,মাধবপাশা,৮২১৩
বরিশাল,বরিশাল,বাবুগঞ্জ,নিজামউদ্দিন কলেজ,৮২১৫
বরিশাল,বরিশাল,বাবুগঞ্জ,রহমতপুর,৮২১১
বরিশাল,বরিশাল,বাবুগঞ্জ,ঠাকুর মল্লিক,৮২১৪
বরিশাল,বরিশাল,বড়জালিয়া,বড়জালিয়া,৮২৬০
বরিশাল,বরিশাল,বড়জালিয়া,ওসমান মঞ্জিল,৮২৬১
বরিশাল,বরিশাল,বরিশাল সদর,বরিশাল সদর,৮২০০
বরিশাল,বরিশাল,বরিশাল সদর,বুখায়নগর,৮২০১
বরিশাল,বরিশাল,বরিশাল সদর,জাগুয়ারহাট,৮২০৬
বরিশাল,বরিশাল,বরিশাল সদর,কাশীপুর,৮২০৫
বরিশাল,বরিশাল,বরিশাল সদর,পাতাং,৮২০৪
বরিশাল,বরিশাল,বরিশাল সদর,সাহেবেরহাট,৮২০২
বরিশাল,বরিশাল,বরিশাল সদর,সুগন্দিয়া,৮২০৩
বরিশাল,বরিশাল,গৌরনদী,বাটাজোর,৮২৩৩
বরিশাল,বরিশাল,গৌরনদী,গৌরনদী,৮২৩০
বরিশাল,বরিশাল,গৌরনদী,কাসেমাবাদ,৮২৩২
বরিশাল,বরিশাল,গৌরনদী,তার্কি বন্দর,৮২৩১
বরিশাল,বরিশাল,মেহেন্দিগঞ্জ,লেঙ্গুটিয়া,৮২৭৪
বরিশাল,বরিশাল,মেহেন্দিগঞ্জ,লস্করপুর,৮২৭১
বরিশাল,বরিশাল,মেহেন্দিগঞ্জ,মেহেন্দিগঞ্জ,৮২৭০
বরিশাল,বরিশাল,মেহেন্দিগঞ্জ,নালগোরা,৮২৭৩
বরিশাল,বরিশাল,মেহেন্দিগঞ্জ,উলানিয়া,৮২৭২
বরিশাল,বরিশাল,মুলাদী,চরকালেখাঁ,৮২৫২
বরিশাল,বরিশাল,মুলাদী,কাজিরচর,৮২৫১
বরিশাল,বরিশাল,মুলাদী,মুলাদী,৮২৫০
বরিশাল,বরিশাল,সাহেবগঞ্জ,চরামন্ডি,৮২৮১
বরিশাল,বরিশাল,সাহেবগঞ্জ,কলসকাঠী,৮২৮৪
বরিশাল,বরিশাল,সাহেবগঞ্জ,পাদ্রি শিবপুর,৮২৮২
বরিশাল,বরিশাল,সাহেবগঞ্জ,সাহেবগঞ্জ,৮২৮০
বরিশাল,বরিশাল,সাহেবগঞ্জ,শিয়ালগুনী,৮২৮৩
বরিশাল,বরিশাল,উজিরপুর,ডাকুয়ারহাট,৮২২৩
বরিশাল,বরিশাল,উজিরপুর,ধামুরা,৮২২১
বরিশাল,বরিশাল,উজিরপুর,জুগিরকান্দা,৮২২২
বরিশাল,বরিশাল,উজিরপুর,শিকারপুর,৮২২৪
বরিশাল,বরিশাল,উজিরপুর,উজিরপুর,৮২২০
বরিশাল,ভোলা,ভোলা সদর,ভোলা সদর,৮৩০০
বরিশাল,ভোলা,ভোলা সদর,জয়নগর,৮৩০১
বরিশাল,ভোলা,বোরহানউদ্দিন Upo,বোরহানউদ্দিন Upo,৮৩২০
বরিশাল,ভোলা,বোরহানউদ্দিন Upo,Mirzakalu,৮৩২১
বরিশাল,ভোলা,চরফ্যাশন,চরফ্যাশন,৮৩৪০
বরিশাল,ভোলা,চরফ্যাশন,দুলারহাট,৮৩৪১
বরিশাল,ভোলা,চরফ্যাশন,কেরামতগঞ্জ,৮৩৪২
বরিশাল,ভোলা,দৌলতখান,দৌলতখান,৮৩১০
বরিশাল,ভোলা,দৌলতখান,হাজীপুর,৮৩১১
বরিশাল,ভোলা,হাজিরহাট,হাজিরহাট,৮৩৬০
বরিশাল,ভোলা,হাটশশীগঞ্জ,হাটশশীগঞ্জ,৮৩৫০
বরিশাল,ভোলা,লালমোহন Upo,দৌড়ীহাট,৮৩৩১
বরিশাল,ভোলা,লালমোহন Upo,গজারিয়া,৮৩৩২
বরিশাল,ভোলা,লালমোহন Upo,লালমোহন Upo,৮৩৩০
বরিশাল,ঝালকাঠি,ঝালকাঠি সদর,বাউকাঠি,৮৪০২
বরিশাল,ঝালকাঠি,ঝালকাঠি সদর,গাভা,৮৪০৩
বরিশাল,ঝালকাঠি,ঝালকাঠি সদর,ঝালকাঠি সদর,৮৪০০
বরিশাল,ঝালকাঠি,ঝালকাঠি সদর,নবগ্রাম,৮৪০১
বরিশাল,ঝালকাঠি,ঝালকাঠি সদর,শেখেরহাট,৮৪০৪
বরিশাল,ঝালকাঠি,কাঁঠালিয়া,আমুয়া,৮৪৩১
বরিশাল,ঝালকাঠি,কাঁঠালিয়া,কাঁঠালিয়া,৮৪৩০
বরিশাল,ঝালকাঠি,কাঁঠালিয়া,নিয়ামাতেই,৮৪৩২
বরিশাল,ঝালকাঠি,কাঁঠালিয়া,শৌলজালিয়া,৮৪৩৩
বরিশাল,ঝালকাঠি,নলছিটি,বীরকাঠি,৮৪২১
বরিশাল,ঝালকাঠি,নলছিটি,নলছিটি,৮৪২০
বরিশাল,ঝালকাঠি,রাজাপুর,রাজাপুর,৮৪১০
বরিশাল,পটুয়াখালী,বাউফল,বাগাবন্দর,৮৬২১
বরিশাল,পটুয়াখালী,বাউফল,বাউফল,৮৬২০
বরিশাল,পটুয়াখালী,বাউফল,বীরপাশা,৮৬২২
বরিশাল,পটুয়াখালী,বাউফল,কালাইয়া,৮৬২৪
বরিশাল,পটুয়াখালী,বাউফল,কালীশুরী,৮৬২৩
বরিশাল,পটুয়াখালী,দশমিনা,দশমিনা,৮৬৩০
বরিশাল,পটুয়াখালী,গলাচিপা,গলাচিপা,৮৬৪০
বরিশাল,পটুয়াখালী,গলাচিপা,গাজীপুর বন্দর,৮৬৪১
বরিশাল,পটুয়াখালী,খেপুপাড়া,খেপুপাড়া,৮৬৫০
বরিশাল,পটুয়াখালী,খেপুপাড়া,মহীপুর,৮৬৫১
বরিশাল,পটুয়াখালী,পটুয়াখালী সদর,দুমকী,৮৬০২
বরিশাল,পটুয়াখালী,পটুয়াখালী সদর,মৌকরণ,৮৬০১
বরিশাল,পটুয়াখালী,পটুয়াখালী সদর,পটুয়াখালী সদর,৮৬০০
বরিশাল,পটুয়াখালী,পটুয়াখালী সদর,রহিমাবাদ,৮৬০৩
বরিশাল,পটুয়াখালী,সুবিদখালী,সুবিদখালী,৮৬১০
বরিশাল,পিরোজপুর,বানারীপাড়া,বানারীপাড়া,৮৫৩০
বরিশাল,পিরোজপুর,বানারীপাড়া,চাখার,৮৫৩১
বরিশাল,পিরোজপুর,ভান্ডারিয়া,ভান্ডারিয়া,৮৫৫০
বরিশাল,পিরোজপুর,ভান্ডারিয়া,ধাওয়া,৮৫৫২
বরিশাল,পিরোজপুর,ভান্ডারিয়া,কানুদাসকাঠি,৮৫৫১
বরিশাল,পিরোজপুর,কাউখালী,জোলাগাতি,৮৫১৩
বরিশাল,পিরোজপুর,কাউখালী,জয়কুল,৮৫১২
বরিশাল,পিরোজপুর,কাউখালী,কাউখালী,৮৫১০
বরিশাল,পিরোজপুর,কাউখালী,কেউন্দিয়া,৮৫১১
বরিশাল,পিরোজপুর,মঠবাড়িয়া,বেতমোর নতুন হাট,৮৫৬৫
বরিশাল,পিরোজপুর,মঠবাড়িয়া,গুলিশাখালী,৮৫৬৩
বরিশাল,পিরোজপুর,মঠবাড়িয়া,হাল্টা,৮৫৬২
বরিশাল,পিরোজপুর,মঠবাড়িয়া,মঠবাড়িয়া,৮৫৬০
বরিশাল,পিরোজপুর,মঠবাড়িয়া,শিলারগঞ্জ,৮৫৬৬
বরিশাল,পিরোজপুর,মঠবাড়িয়া,টিয়ারখালী,৮৫৬৪
বরিশাল,পিরোজপুর,মঠবাড়িয়া,তুষখালি,৮৫৬১
বরিশাল,পিরোজপুর,নাজিরপুর,নাজিরপুর,৮৫৪০
বরিশাল,পিরোজপুর,নাজিরপুর,শ্রীরামকাঠি,৮৫৪১
বরিশাল,পিরোজপুর,পিরোজপুর সদর,হুলারহাট,৮৫০১
বরিশাল,পিরোজপুর,পিরোজপুর সদর,পারেরহাট,৮৫০২
বরিশাল,পিরোজপুর,পিরোজপুর সদর,পিরোজপুর সদর,৮৫০০
বরিশাল,পিরোজপুর,স্বরূপকাঠি,দারুস সুন্নাত,৮৫২১
বরিশাল,পিরোজপুর,স্বরূপকাঠি,জালাবাড়ি,৮৫২৩
বরিশাল,পিরোজপুর,স্বরূপকাঠি,কৌরিখাড়া,৮৫২২
বরিশাল,পিরোজপুর,স্বরূপকাঠি,স্বরূপকাঠি,৮৫২০
রাজশাহী,বগুড়া,আলমদীঘি,আদমদীঘি,৫৮৯০
রাজশাহী,বগুড়া,আলমদীঘি,নশরতপুর,৫৮৯২
রাজশাহী,বগুড়া,আলমদীঘি,সান্তাহার,৫৮৯১
রাজশাহী,বগুড়া,বগুড়া সদর,বগুড়া সেনানিবাস,৫৮০১
রাজশাহী,বগুড়া,বগুড়া সদর,বগুড়া সদর,৫৮০০
রাজশাহী,বগুড়া,ধুনট,ধুনট,৫৮৫০
রাজশাহী,বগুড়া,ধুনট,Gosaibari,৫৮৫১
রাজশাহী,বগুড়া,দুপচাঁচিয়া,দুপচাঁচিয়া,৫৮৮০
রাজশাহী,বগুড়া,দুপচাঁচিয়া,তালোড়া,৫৮৮১
রাজশাহী,বগুড়া,গাবতলী,গাবতলী,৫৮২০
রাজশাহী,বগুড়া,গাবতলী,সুখানপুকুর,৫৮২১
রাজশাহী,বগুড়া,কাহালু,কাহালু,৫৮৭০
রাজশাহী,বগুড়া,নন্দীগ্রাম,নন্দীগ্রাম,৫৮৬০
রাজশাহী,বগুড়া,সারিয়াকান্দি,চন্দন বাইশা,৫৮৩১
রাজশাহী,বগুড়া,সারিয়াকান্দি,সারিয়াকান্দি,৫৮৩০
রাজশাহী,বগুড়া,শেরপুর,চান্দাইকোনা,৫৮৪১
রাজশাহী,বগুড়া,শেরপুর,পল্লী উন্নয়ন একাডেমী,৫৮৪২
রাজশাহী,বগুড়া,শেরপুর,শেরপুর,৫৮৪০
রাজশাহী,বগুড়া,শিবগঞ্জ,শিবগঞ্জ,৫৮১০
রাজশাহী,বগুড়া,সোনাতলা,সোনাতলা,৫৮২৬
রাজশাহী,চাঁপাইনবাবগঞ্জ,ভোলাহাট,ভোলাহাট,৬৩৩০
রাজশাহী,চাঁপাইনবাবগঞ্জ,চাঁপাইনবাবগঞ্জ সদর,আমনুরা,৬৩০৩
রাজশাহী,চাঁপাইনবাবগঞ্জ,চাঁপাইনবাবগঞ্জ সদর,চাঁপাইনবাবগঞ্জ সদর,৬৩০০
রাজশাহী,চাঁপাইনবাবগঞ্জ,চাঁপাইনবাবগঞ্জ সদর,রাজারামপুর,৬৩০১
রাজশাহী,চাঁপাইনবাবগঞ্জ,চাঁপাইনবাবগঞ্জ সদর,রামচন্দ্রপুর,৬৩০২
রাজশাহী,চাঁপাইনবাবগঞ্জ,নাচোল,মন্ডুমালা,৬৩১১
রাজশাহী,চাঁপাইনবাবগঞ্জ,নাচোল,নাচোল,৬৩১০
রাজশাহী,চাঁপাইনবাবগঞ্জ,রোহনপুর,গোমস্তাপুর,৬৩২১
রাজশাহী,চাঁপাইনবাবগঞ্জ,রোহনপুর,রোহনপুর,৬৩২০
রাজশাহী,চাঁপাইনবাবগঞ্জ,শিবগঞ্জ U.P.O,কনসার্ট,৬৩৪১
রাজশাহী,চাঁপাইনবাবগঞ্জ,শিবগঞ্জ U.P.O,মনাকষা,৬৩৪২
রাজশাহী,চাঁপাইনবাবগঞ্জ,শিবগঞ্জ U.P.O,শিবগঞ্জ U.P.O,৬৩৪০
রাজশাহী,জয়পুরহাট,আক্কেলপুর,আক্কেলপুর,৫৯৪০
রাজশাহী,জয়পুরহাট,আক্কেলপুর,জামালগঞ্জ,৫৯৪১
রাজশাহী,জয়পুরহাট,আক্কেলপুর,তিলকপুর,৫৯৪২
রাজশাহী,জয়পুরহাট,জয়পুরহাট সদর,জয়পুরহাট সদর,৫৯০০
রাজশাহী,জয়পুরহাট,কালাই,কালাই,৫৯৩০
রাজশাহী,জয়পুরহাট,ক্ষেতলাল,ক্ষেতলাল,৫৯২০
রাজশাহী,জয়পুরহাট,পাঁচবিবি,পাঁচবিবি,৫৯১০
রাজশাহী,নওগাঁ,আহসানগঞ্জ,আহসানগঞ্জ,৬৫৯৬
রাজশাহী,নওগাঁ,আহসানগঞ্জ,বান্দাই,৬৫৯৭
রাজশাহী,নওগাঁ,বদলগাছী,বদলগাছী,৬৫৭০
রাজশাহী,নওগাঁ,ধামুইরহাট,ধামুইরহাট,৬৫৮০
রাজশাহী,নওগাঁ,মহাদেবপুর,মহাদেবপুর,৬৫৩০
রাজশাহী,নওগাঁ,নওগাঁ সদর,নওগাঁ সদর,৬৫০০
রাজশাহী,নওগাঁ,নিয়ামতপুর,নিয়ামতপুর,৬৫২০
রাজশাহী,নওগাঁ,নিতপুর,নিতপুর,৬৫৫০
রাজশাহী,নওগাঁ,নিতপুর,পঙ্গুরিয়া,৬৫৫২
রাজশাহী,নওগাঁ,নিতপুর,পরসা,৬৫৫১
রাজশাহী,নওগাঁ,পত্নীতলা,পত্নীতলা,৬৫৪০
রাজশাহী,নওগাঁ,প্রসাদপুর,বলিহারের,৬৫১২
রাজশাহী,নওগাঁ,প্রসাদপুর,মান্দা,৬৫১১
রাজশাহী,নওগাঁ,প্রসাদপুর,প্রসাদপুর,৬৫১০
রাজশাহী,নওগাঁ,রানীনগর,কাশিমপুর,৬৫৯১
রাজশাহী,নওগাঁ,রানীনগর,রানীনগর,৬৫৯০
রাজশাহী,নওগাঁ,সাপাহার,মদুহিল,৬৫৬১
রাজশাহী,নওগাঁ,সাপাহার,সাপাহার,৬৫৬০
রাজশাহী,নাটোর,গোপালপুর Upo,আব্দুলপুর,৬৪২২
রাজশাহী,নাটোর,গোপালপুর Upo,গোপালপুর U.P.O,৬৪২০
রাজশাহী,নাটোর,গোপালপুর Upo,লালপুর S.O,৬৪২১
রাজশাহী,নাটোর,হারুয়া,বড়াইগ্রামে,৬৪৩২
রাজশাহী,নাটোর,হারুয়া,দয়ারামপুর,৬৪৩১
রাজশাহী,নাটোর,হারুয়া,হারুয়া,৬৪৩০
রাজশাহী,নাটোর,হাতগুরুদাসপুর,হাতগুরুদাসপুর,৬৪৪০
রাজশাহী,নাটোর,লক্ষ্মণ,লক্ষ্মণ,৬৪১০
রাজশাহী,নাটোর,নাটোর সদর,বাইদ্দ্যাবল ঘরিয়া,৬৪০২
রাজশাহী,নাটোর,নাটোর সদর,দিঘাপাতিয়া,৬৪০১
রাজশাহী,নাটোর,নাটোর সদর,মাধনগর,৬৪০৩
রাজশাহী,নাটোর,নাটোর সদর,নাটোর সদর,৬৪০০
রাজশাহী,নাটোর,সিংড়া,সিংড়া,৬৪৫০
রাজশাহী,পাবনা,বানওয়ারীনগর,বানওয়ারীনগর,৬৬৫০
রাজশাহী,পাবনা,বেড়া,বেড়া,৬৬৮০
রাজশাহী,পাবনা,বেড়া,কাশিনাথপুর,৬৬৮২
রাজশাহী,পাবনা,বেড়া,নাকালিয়া,৬৬৮১
রাজশাহী,পাবনা,বেড়া,পুরান ভারেঙ্গা,৬৬৮৩
রাজশাহী,পাবনা,ভাঙ্গুরা,ভাঙ্গুরা,৬৬৪০
রাজশাহী,পাবনা,চাটমোহর,চাটমোহর,৬৬৩০
রাজশাহী,পাবনা,দেবোত্তর,দেবোত্তর,৬৬১০
রাজশাহী,পাবনা,ঈশ্বরদী,ধাপারী,৬৬২১
রাজশাহী,পাবনা,ঈশ্বরদী,ঈশ্বরদী,৬৬২০
রাজশাহী,পাবনা,ঈশ্বরদী,পাকশী,৬৬২২
রাজশাহী,পাবনা,ঈশ্বরদী,রাজাপুর,৬৬২৩
রাজশাহী,পাবনা,পাবনা সদর,হেমায়েতপুর,৬৬০২
রাজশাহী,পাবনা,পাবনা সদর,কালিকো কটন মিলস,৬৬০১
রাজশাহী,পাবনা,পাবনা সদর,পাবনা সদর,৬৬০০
রাজশাহী,পাবনা,সাঁথিয়া,সাঁথিয়া,৬৬৭০
রাজশাহী,পাবনা,সুজানগর,সাগরকান্দি,৬৬৬১
রাজশাহী,পাবনা,সুজানগর,সুজানগর,৬৬৬০
রাজশাহী,রাজশাহী,বাঘা,আড়ানী,৬২৮১
রাজশাহী,রাজশাহী,বাঘা,বাঘা,৬২৮০
রাজশাহী,রাজশাহী,ভবানীগঞ্জ,ভবানীগঞ্জ,৬২৫০
রাজশাহী,রাজশাহী,ভবানীগঞ্জ,তাহারপুর,৬২৫১
রাজশাহী,রাজশাহী,চারঘাট,চারঘাট,৬২৭০
রাজশাহী,রাজশাহী,চারঘাট,সারদা,৬২৭১
রাজশাহী,রাজশাহী,দুর্গাপুর,দুর্গাপুর,৬২৪০
রাজশাহী,রাজশাহী,গোদাগাড়ী,গোদাগাড়ী,৬২৯০
রাজশাহী,রাজশাহী,গোদাগাড়ী,প্রেমতলী,৬২৯১
রাজশাহী,রাজশাহী,খোদমোহনপুর,খোদমোহনপুর,৬২২০
রাজশাহী,রাজশাহী,লালিতগঞ্জ,লালিতগঞ্জ,৬২১০
রাজশাহী,রাজশাহী,লালিতগঞ্জ,রাজশাহী চিনিকল,৬২১১
রাজশাহী,রাজশাহী,লালিতগঞ্জ,শ্যামপুর,৬২১২
রাজশাহী,রাজশাহী,পুঠিয়া,পুঠিয়া,৬২৬০
রাজশাহী,রাজশাহী,রাজশাহী সদর,বিনোদপুর বাজার,৬২০৬
রাজশাহী,রাজশাহী,রাজশাহী সদর,ঘুড়ামারা,৬১০০
রাজশাহী,রাজশাহী,রাজশাহী সদর,কাজলা,৬২০৪
রাজশাহী,রাজশাহী,রাজশাহী সদর,রাজশাহী সেনানিবাস,৬২০২
রাজশাহী,রাজশাহী,রাজশাহী সদর,রাজশাহী কোর্ট,৬২০১
রাজশাহী,রাজশাহী,রাজশাহী সদর,রাজশাহী সদর,৬০০০
রাজশাহী,রাজশাহী,রাজশাহী সদর,রাজশাহী বিশ্ববিদ্যালয়,৬২০৫
রাজশাহী,রাজশাহী,রাজশাহী সদর,সাপুরা,৬২০৩
রাজশাহী,রাজশাহী,তানোরে,তানোরে,৬২৩০
রাজশাহী,সিরাজগঞ্জ,বাইদ্দ্যা জ্যাম তৈল,বাইদ্দ্যা জ্যাম তৈল,৬৭৩০
রাজশাহী,সিরাজগঞ্জ,বেলকুচি,বেলকুচি,৬৭৪০
রাজশাহী,সিরাজগঞ্জ,বেলকুচি,এনায়েতপুর,৬৭৫১
রাজশাহী,সিরাজগঞ্জ,বেলকুচি,রাজাপুর,৬৭৪২
রাজশাহী,সিরাজগঞ্জ,বেলকুচি,সোহাগপুর,৬৭৪১
রাজশাহী,সিরাজগঞ্জ,বেলকুচি,স্থল,৬৭৫২
রাজশাহী,সিরাজগঞ্জ,ধানগড়া,ধানগড়া,৬৭২০
রাজশাহী,সিরাজগঞ্জ,ধানগড়া,মালঙ্গা,৬৭২১
রাজশাহী,সিরাজগঞ্জ,কাজীপুর,গান্ধাইল,৬৭১২
রাজশাহী,সিরাজগঞ্জ,কাজীপুর,কাজীপুর,৬৭১০
রাজশাহী,সিরাজগঞ্জ,কাজীপুর,শুভগাছা,৬৭১১
রাজশাহী,সিরাজগঞ্জ,শাহজাদপুর,জামিরটা,৬৭৭২
রাজশাহী,সিরাজগঞ্জ,শাহজাদপুর,কৈজুরী,৬৭৭৩
রাজশাহী,সিরাজগঞ্জ,শাহজাদপুর,পরজানা,৬৭৭১
রাজশাহী,সিরাজগঞ্জ,শাহজাদপুর,শাহজাদপুর,৬৭৭০
রাজশাহী,সিরাজগঞ্জ,সিরাজগঞ্জ সদর,রায়পুর,৬৭০১
রাজশাহী,সিরাজগঞ্জ,সিরাজগঞ্জ সদর,রাশিদাবাদ,৬৭০২
রাজশাহী,সিরাজগঞ্জ,সিরাজগঞ্জ সদর,সিরাজগঞ্জ সদর,৬৭০০
রাজশাহী,সিরাজগঞ্জ,তাড়াশ,তাড়াশ,৬৭৮০
রাজশাহী,সিরাজগঞ্জ,উল্লাপাড়া,লাহিড়ী মোহনপুর,৬৭৬২
রাজশাহী,সিরাজগঞ্জ,উল্লাপাড়া,সালাপ,৬৭৬৩
রাজশাহী,সিরাজগঞ্জ,উল্লাপাড়া,উল্লাপাড়া,৬৭৬০
রাজশাহী,সিরাজগঞ্জ,উল্লাপাড়া,উল্লাপাড়া R.S,৬৭৬১
রংপুর,দিনাজপুর,বাংলা হিলি,বাংলা হিলি,৫২৭০
রংপুর,দিনাজপুর,বিরল,বিরল,৫২১০
রংপুর,দিনাজপুর,বিরামপুর,বিরামপুর,৫২৬৬
রংপুর,দিনাজপুর,বীরগঞ্জ,বীরগঞ্জ,৫২২০
রংপুর,দিনাজপুর,চিরিরবন্দর,চিরিরবন্দর,৫২৪০
রংপুর,দিনাজপুর,চিরিরবন্দর,রাণীররবন্দর,৫২৪১
রংপুর,দিনাজপুর,দিনাজপুর সদর,দিনাজপুর রাজবাড়ী,৫২০১
রংপুর,দিনাজপুর,দিনাজপুর সদর,দিনাজপুর সদর,৫২০০
রংপুর,দিনাজপুর,খানসামা,খানসামা,৫২৩০
রংপুর,দিনাজপুর,খানসামা,পাকেরহাট,৫২৩১
রংপুর,দিনাজপুর,মহারাজগঞ্জ,মহারাজগঞ্জ,৫২২৬
রংপুর,দিনাজপুর,নবাবগঞ্জ জেলায়,দাউদপুর,৫২৮১
রংপুর,দিনাজপুর,নবাবগঞ্জ জেলায়,গোপালপুর,৫২৮২
রংপুর,দিনাজপুর,নবাবগঞ্জ জেলায়,নবাবগঞ্জ জেলায়,৫২৮০
রংপুর,দিনাজপুর,ওসমানপুর,ঘোড়াঘাট,৫২৯১
রংপুর,দিনাজপুর,ওসমানপুর,ওসমানপুর,৫২৯০
রংপুর,দিনাজপুর,পার্বতীপুর,পার্বতীপুর,৫২৫০
রংপুর,দিনাজপুর,ফুলবাড়ী,ফুলবাড়ী,৫২৬০
রংপুর,দিনাজপুর,সেতাবগঞ্জ,সেতাবগঞ্জ,৫২১৬
রংপুর,গাইবান্ধা,বোনারপাড়া,বোনারপাড়া,৫৭৫০
রংপুর,গাইবান্ধা,বোনারপাড়া,সাঘাটা,৫৭৫১
রংপুর,গাইবান্ধা,গাইবান্ধা সদর,গাইবান্ধা সদর,৫৭০০
রংপুর,গাইবান্ধা,গোবিন্দগঞ্জ,গোবিন্দগঞ্জ,৫৭৪০
রংপুর,গাইবান্ধা,গোবিন্দগঞ্জ,মাহিমাগঞ্জ,৫৭৪১
রংপুর,গাইবান্ধা,পলাশবাড়ী,পলাশবাড়ী,৫৭৩০
রংপুর,গাইবান্ধা,ফুলছড়ি,ভরতখালি,৫৭৬১
রংপুর,গাইবান্ধা,ফুলছড়ি,ফুলছড়ি,৫৭৬০
রংপুর,গাইবান্ধা,সাদুল্লাপুর,নলডাঙ্গা,৫৭১১
রংপুর,গাইবান্ধা,সাদুল্লাপুর,সাদুল্লাপুর,৫৭১০
রংপুর,গাইবান্ধা,সুন্দরগঞ্জ,বামনডাঙ্গা,৫৭২১
রংপুর,গাইবান্ধা,সুন্দরগঞ্জ,সুন্দরগঞ্জ,৫৭২০
রংপুর,কুড়িগ্রাম,ভুরুঙ্গামারী,ভুরুঙ্গামারী,৫৬৭০
রংপুর,কুড়িগ্রাম,চিলমারী,চিলমারী,৫৬৩০
রংপুর,কুড়িগ্রাম,চিলমারী,জোড়গাছা,৫৬৩১
রংপুর,কুড়িগ্রাম,কুড়িগ্রাম সদর,কুড়িগ্রাম সদর,৫৬০০
রংপুর,কুড়িগ্রাম,কুড়িগ্রাম সদর,পান্ডুল,৫৬০১
রংপুর,কুড়িগ্রাম,কুড়িগ্রাম সদর,ফুলবাড়ী,৫৬৮০
রংপুর,কুড়িগ্রাম,নাগেশ্বর,নাগেশ্বর,৫৬৬০
রংপুর,কুড়িগ্রাম,রাজারহাট,নাজিমখান,৫৬১১
রংপুর,কুড়িগ্রাম,রাজারহাট,রাজারহাট,৫৬১০
রংপুর,কুড়িগ্রাম,রাজিবপুর,রাজিবপুর,৫৬৫০
রংপুর,কুড়িগ্রাম,রৌমারী,রৌমারী,৫৬৪০
রংপুর,কুড়িগ্রাম,উলিপুর,বাজারহাট,৫৬২১
রংপুর,কুড়িগ্রাম,উলিপুর,উলিপুর,৫৬২০
রংপুর,লালমনিরহাট,আদিতমারী,আদিতমারী,৫৫১০
রংপুর,লালমনিরহাট,হাতীবান্ধা,হাতীবান্ধা,৫৫৩০
রংপুর,লালমনিরহাট,লালমনিরহাট সদর,Kulaghat তাই,৫৫০২
রংপুর,লালমনিরহাট,লালমনিরহাট সদর,লালমনিরহাট সদর,৫৫০০
রংপুর,লালমনিরহাট,লালমনিরহাট সদর,মোঘলহাট,৫৫০১
রংপুর,লালমনিরহাট,পাটগ্রাম,বাউরা,৫৫৪১
রংপুর,লালমনিরহাট,পাটগ্রাম,বুড়িমারী,৫৫৪২
রংপুর,লালমনিরহাট,পাটগ্রাম,পাটগ্রাম,৫৫৪০
রংপুর,লালমনিরহাট,তুষভান্ডার,তুষভান্ডার,৫৫২০
রংপুর,নীলফামারী,ডিমলা,ডিমলা,৫৩৫০
রংপুর,নীলফামারী,ডিমলা,ঘাগা খড়িবাড়ি,৫৩৫১
রংপুর,নীলফামারী,ডোমার,চিলাহাটি,৫৩৪১
রংপুর,নীলফামারী,ডোমার,ডোমার,৫৩৪০
রংপুর,নীলফামারী,জলঢাকা,জলঢাকা,৫৩৩০
রংপুর,নীলফামারী,কিশোরীগঞ্জ,কিশোরীগঞ্জ,৫৩২০
রংপুর,নীলফামারী,নীলফামারী সদর,নীলফামারী সদর,৫৩০০
রংপুর,নীলফামারী,নীলফামারী সদর,নীলফামারী চিনি মিল,৫৩০১
রংপুর,নীলফামারী,সৈয়দপুর,সৈয়দপুর,৫৩১০
রংপুর,নীলফামারী,সৈয়দপুর,সৈয়দপুর উপশহর,৫৩১১
রংপুর,পঞ্চগড়,বোদা,বোদা,৫০১০
রংপুর,পঞ্চগড়,ছোট্ট ডাবের,ছোট্ট ডাবের,৫০৪০
রংপুর,পঞ্চগড়,ছোট্ট ডাবের,মির্জাপুর,৫০৪১
রংপুর,পঞ্চগড়,দেবীগঞ্জ,দেবীগঞ্জ,৫০২০
রংপুর,পঞ্চগড়,পঞ্চগড় সদর,পঞ্চগড় সদর,৫০০০
রংপুর,পঞ্চগড়,তেঁতুলিয়া,তেঁতুলিয়া,৫০৩০
রংপুর,রংপুর,বদরগঞ্জ,বদরগঞ্জ,৫৪৩০
রংপুর,রংপুর,বদরগঞ্জ,শ্যামপুর,৫৪৩১
রংপুর,রংপুর,গঙ্গাচড়া,গঙ্গাচড়া,৫৪১০
রংপুর,রংপুর,কাউনিয়া,হারাগাছ,৫৪৪১
রংপুর,রংপুর,কাউনিয়া,কাউনিয়া,৫৪৪০
রংপুর,রংপুর,মিঠাপুকুর,মিঠাপুকুর,৫৪৬০
রংপুর,রংপুর,পীরগাছা,পীরগাছা,৫৪৫০
রংপুর,রংপুর,রংপুর সদর,আলামনাগার,৫৪০২
রংপুর,রংপুর,রংপুর সদর,মাহিগঞ্জ,৫৪০৩
রংপুর,রংপুর,রংপুর সদর,রংপুর ক্যাডেট কলেজ,৫৪০৪
রংপুর,রংপুর,রংপুর সদর,রংপুর কারমাইকেল কলেজ,৫৪০৫
রংপুর,রংপুর,রংপুর সদর,রংপুর সদর,৫৪০০
রংপুর,রংপুর,রংপুর সদর,রংপুর উপশহর,৫৪০১
রংপুর,রংপুর,তারাগঞ্জ,তারাগঞ্জ,৫৪২০
রংপুর,ঠাকুরগাঁও,বালিয়াডাঙ্গী,বালিয়াডাঙ্গী,৫১৪০
রংপুর,ঠাকুরগাঁও,বালিয়াডাঙ্গী,ঝুম্পা লাহিড়ি,৫১৪১
রংপুর,ঠাকুরগাঁও,জীবনপুর,জীবনপুর,৫১৩০
রংপুর,ঠাকুরগাঁও,পীরগঞ্জ,পীরগঞ্জ,৫১১০
রংপুর,রংপুর,পীরগঞ্জ,পীরগঞ্জ,৫৪৭০
রংপুর,ঠাকুরগাঁও,রাণীশংকৈল,নেকমরদ,৫১২১
রংপুর,ঠাকুরগাঁও,রাণীশংকৈল,রাণীশংকৈল,৫১২০
রংপুর,ঠাকুরগাঁও,ঠাকুরগাঁও সদর,রুহিয়া,৫১০৩
রংপুর,ঠাকুরগাঁও,ঠাকুরগাঁও সদর,শিবগঞ্জ,৫১০২
রংপুর,ঠাকুরগাঁও,ঠাকুরগাঁও সদর,ঠাকুরগাঁও রোড,৫১০১
রংপুর,ঠাকুরগাঁও,ঠাকুরগাঁও সদর,ঠাকুরগাঁও সদর,৫১০০